id,title,summary,l2_category,confidence,method,flag,corrected_l2
5072f137f20f4a04,拜耳重磅药物新适应症国内申报上市,非奈利酮是一款first-in-class非甾体选择性盐皮质激素受体（MR）拮抗剂，此前已在中国获批用于与2型糖尿病相关的慢性肾脏病（DKD）以及射血分数（LVEF）≥40%的心力衰竭。 此次新适应症申报，是基于迄今为止针对非糖尿病慢性肾脏病的最大III期临床研究FIND-CKD的积极结果，标志着这款已展现强劲市场增长潜力的创新药，正加速向覆盖更广泛CKD人群的目标迈进。 慢性肾脏病（ CKD ）,其他/综合,0,other,LOW_CONF: 置信度过低,
127374e04f0691dc,中国首个自研长效胰岛素类似物获批上市,近日，恒瑞医药宣布，其自主研发的1类治疗用生物制品舒地胰岛素注射液（商品名：瑞恒盈 ® ）获国家药品监督管理局（NMPA）获批上市，用于 治疗成人2型糖 尿 病。 该产品是 中国首个自主研发的长效胰岛素类似物。 美国垄断程度最高的市场，快被中国药企打穿。,其他/综合,0,other,LOW_CONF: 置信度过低,
3e72aca164e5b092,河南安阳推行医保支付方式改革——算好“健康账” 激活一盘棋,老百姓常说，医保基金是“救命钱”。 河南省安阳市用一场医保支付方式改革，给出了答案。 这场改革的核心，简单来说就是“打包付费”。,其他/综合,0,other,LOW_CONF: 置信度过低,
d9186174b686d40a,一种常见氨基酸又被盯上了！限制摄入不仅能抑制白血病进展，还可改善代谢、缓解衰老虚弱：雄性小鼠寿命延长 23%,近日， Nature Aging 的一项研究证实：终身减少三分之二膳食缬氨酸，小鼠的代谢健康和身体机能都能得到明显改善，还能把雄性小鼠的中位寿命延长近四分之一，而在雌性小鼠身上没有带来显著的寿命延长。 该研究不光发现单一氨基酸限制会产生性别特异性效应，也为理解「是蛋白质质量而非总量影响健康衰老」提供了新的研究角度。 2026 年 7 月 24 日，Lamming 实验室联合多所研究机构在 Natu,其他/综合,0,other,LOW_CONF: 置信度过低,
8a6aed86ac5d1798,赛诺菲-深圳医学科学院-深圳湾实验室战略科学创新联盟（SSSIA）正式成立,赛诺菲是一家研发驱动、AI 赋能的生物制药公司，致力于焕发生命光彩并实现强劲增长。 作为改革开放后首批进入中国的跨国企业之一，赛诺菲于1982年便在中国建立了办公室，目前拥有从研发、生产制造到商业运营的端到端价值链，包括3家生产基地和4大研发基地，业务覆盖制药和疫苗。 赛诺菲与中国同心同行，致力于将创新药品和疫苗加速引进中国，造福更多中国百姓，也为合作伙伴、社区和员工创造更美好的生活。,其他/综合,0,other,LOW_CONF: 置信度过低,
b28564ffd5fab9f0,美团暑期健康消费观察：儿童早矫需求增70%，近七成中医养生新客是年轻人,美团暑期健康消费观察显示，儿童早矫和三伏贴需求同比均增70%，近七成中医养生新客为年轻人。家庭健康管理意识提升，儿童口腔消费从“出了问题再处理”向“提前规划、主动预防”转变，家长决策更理性，下单前浏览机构数量增多，决策周期向8天以上集中，跨机构比方案成常态。美团调研显示，家长选择口腔机构时对熟人推荐依赖度降低，线上主动搜索上升。美团发布首届司南口腔榜，100余个城市1500多家口腔机构标注儿童友好,其他/综合,0,other,LOW_CONF: 置信度过低,
036822de5b75091f,Materials Today Bio | 赵刚团队提出“低温稳态”保存范式，实现小口径动脉移植物低毒玻璃化保存,小口径动脉移植物 （直径＜ 6 mm ） 是血管重建的长期难题。 玻璃化保存虽能抑制冰晶，却常常依赖高浓度低温保护剂 （ CPAs ） ，由此带来的化学毒性与渗透压冲击又会损伤细胞。 该策略不简单以牺牲 抑冰能力 为代价，而是通过低剂量复合冰抑制剂与一步快速卸载的协同，尝试同步控制冰损伤和溶液损伤。,其他/综合,0,other,LOW_CONF: 置信度过低,
3911fa2df6d0927f,研究风向 | 视网膜AI提升遗传诊断，光谱模型外测猫孢子菌病,"01｜视觉Transformer · 遗传性视网膜病 Retina4IRD进入随机试验，专家前五位遗传判断提高21.2个百分点。 核心数据： Retina4IRD以RETFound预训练的Vision Transformer处理眼底照相和OCT，预测 17 类基因型。 训练及验证数据来自中国、韩国和波兰 1,843名 遗传确诊患者、 3,376只 眼；摘要未披露各数据划分及患者级去重细节。",其他/综合,0,other,LOW_CONF: 置信度过低,
9fe43d36f7a1d6df,Nature | 李姣/朱家鹏/张凯/Croce等原位解析类囊体膜堆叠与高效光合作用机制,"光合作用是地球上几乎所有生命赖以生存的能量源泉。 植物通过位于叶绿体类囊体膜上的光系统II （PSII） 和光系统I （PSI） 超级复合物，将太阳能高效转化为化学能，驱动着整个生态系统的运转 【1, 3 】 。 为了破解上述体外纯化失真与高阶组装未知的难题， 2026年7月29日 ，中国科学技术大学 张凯课题组 李 姣 特任副研究员 （第一作者兼共同通讯） 、 张凯 教授 （共同通讯） 、阿姆斯",其他/综合,0,other,LOW_CONF: 置信度过低,
36a08c117f582054,MSL如何把数据用出价值？从一次研究者拜访谈起,从“看到数据”到“看见问题”。 随着真实世界研究和学术发表需求增加，如何在合规前提下，把临床观察转化为科学问题、投稿方向和证据gap，正在成为MSL能力边界的重要延展。 在日常拜访中，研究者有时会主动与MSL交流临床观察、随访经验或数据方向。,其他/综合,0,other,LOW_CONF: 置信度过低,
eebfb5aee704ae36,CSCO 2026前瞻｜正大天晴5项口头报告、21项研究入选，聚焦肿瘤治疗创新进展,9月17日至19日，第29届中国临床肿瘤学会（CSCO）学术年会将在中国济南召开。 中国生物制药（1177.HK）核心企业正大天晴共21项研究入选，其中包含5项口头报告。 一项针对IDH1突变晚期胆管癌TQB3454的随机、双盲、安慰剂对照Ⅲ期研究。,其他/综合,0,other,LOW_CONF: 置信度过低,
c861575f90961154,ICDC2026 | 双星闪耀：迈新生物×迈杰转化医学，共筑精准医疗新生态,福州迈新生物技术开发有限公司是中国肿瘤免疫病理领域的领先企业，主营业务覆盖免疫组化、分子病理和智慧病理等。 迈新现拥有 100余项知识产权专利、ISO 9001和ISO13485双重认证质量管理体系、CNASISO/IEC17025和CNASISO15189实验室认可体系及国家制造业单项冠军企业和国家高新技术企业等重要资质，并承担多项国家级、省级和市级科研攻关项目。 迈杰转化医学研究（苏州）有限公,其他/综合,0,other,LOW_CONF: 置信度过低,
e060f5cc604f4d62,Nature | 兰雨团队揭示人类造血起源之谜,人类胚胎发育的原肠运动（gastrulation）是生命科学领域最神秘、最引人入胜的篇章之一。 然而，由于这一阶段胚胎样本稀缺，人类围原肠胚阶段发育事件的时序、细胞起源与调控规律仍有诸多未知。 血液作为最早建立的细胞谱系，其发生的时空规律仍是未解之谜。,1. 创新药,0.3116,semantic_fallback,LOW_CONF: 规则未命中，模型只分到大类,
4d1da20b91d48dae,4万元，燕山大学拟转化两项外骨骼机器人技术,燕山大学拟以4万元转化两项外骨骼机器人技术。外骨骼行业长期面临回转中心与人体髋关节中心不一致难题，刘福才团队形成两项互补国家发明专利。其中一项采用并联机构，用三条RRPS支链驱动人体大腿运动，其转动中心与人体髋关节中心重合，消除交互力，还在结构上优化，集中布置驱动元件，实时调节电机实现按需助力，兼顾舒适性；另一项负责“量化评价”，让外骨骼助力效果从“凭感觉”变“可测量”。两项专利均以专利权转让方式,1.1 小分子创新药,0.3139,semantic,MUST_FIX → 2.5 手术机器人,
a9d04813813db27e,2025年度面上项目绩效评价报告：平均每项产出SCI论文11.82篇？！,近日，国家自然科学基金委员会发布2025年度面上项目绩效评价报告。 报告显示：2025年面上项目结题19278项，抽样评价成果优良率为88.58%；产出SCI 论文228482篇，平均每个项目产出11.82篇。 2025年度 批准资助面上项目23034 项，较上年增加2276项 ，增幅10.96%；资助直接费用113.76亿元，较上年增加12.39亿元，增幅12.22%，在自然科学基金总经费中占比,1.1 小分子创新药,0.3155,semantic_fallback,,
d02b5072d245a46c,下一站已定！诺和诺德高级副总裁离职,7月30日， 诺和诺德高级副总裁、美国心血管代谢事业部销售高级副总裁 Negelle Morris 通过领英平台 官宣离职， 加入 Vantive 担任美国区高级副总 裁兼总经理。 Negelle Morris自 2023 年 8 月起担任诺和诺德美国心代谢事业部销售高级副总裁。 任职期间，她全面负责统领诺和诺德美国地区糖尿病、肥胖及心血管领域销售团队，同时管理美国健康教育专员团队。,1. 创新药,0.3399,semantic_fallback,LOW_CONF: 规则未命中，模型只分到大类,
bad8062c57acf0de,从管理气候风险到激活植物智慧，新朝阳ClimaBio™气候管理生物解决方案在巴西发布,该方案以植物内在的生物智慧为基础，通过COR冠菌素、天然芸苔素及功能型生物刺激素，帮助作物更好地响应环境压力，提升农业生产的韧性、效率与可持续性。 气候管理，不是改变气候。 植物并非被动承受环境变化。,3.3 数字医疗/互联网医院,0.3399,semantic_fallback,,
7b078eafc56d59bb,前诺和诺德高级副总裁加盟Vantive,来源： LinkedIn。 Negelle Morris于2015年9月加入诺和诺德美国公司，开启其长达十余年的诺和诺德职业征程。 初入公司时，她担任市场准入区域账户高级总监，负责统筹多州支付方与医疗机构的准入业务。,1.3 细胞与基因治疗（CGT）,0.3437,semantic_fallback,,
005df7046d1722ad,复合年增长率达8.1%：欧洲种子处理市场正加速向可持续与生物方向转型,种子处理技术正被广泛采用，以改善种子性能、发芽一致性并在早期生长阶段提供作物保护。 这一转变正在巩固种子施用解决方案在现代欧洲农业系统中的作用，特别是在谷物、油籽、玉米、甜菜和蔬菜作物方面。 据 MarketsandMarkets 预测，2025 年欧洲种子处理市场价值估计为 19 亿美元，预计到 2030 年将达到 28.1 亿美元，在预测期内的复合年增长率为 8.1%。,1.6 合成生物学,0.3503,semantic_fallback,,
71d76d173ef1afb0,研究风向 | 有限胚胎全囊胚培养与累积活产更低相关，FGR胎儿心脏不同步增加,01｜有限胚胎 · 培养策略 仅有2-4枚第3天胚胎时，全囊胚培养与累积活产机会更低相关。 胚胎不多时，延长培养以加强筛选，可能同时损失可移植机会。 主要结局为一次取卵后的累积活产率。,1. 创新药,0.3637,semantic_fallback,LOW_CONF: 规则未命中，模型只分到大类,
a1e1f8ad4964c02b,GSK的下一增长曲线,2026年7月28日， GSK近期公布第二季度财报: Q2销售额达到84亿英镑，同比增长5%；核心营业利润同比增长7% 。 疫苗业务销售额23亿英镑，同比增长8%；。 2026年Q2，HIV业务销售额达到21亿英镑，同比增长10%。,1.3 细胞与基因治疗（CGT）,0.3654,semantic_fallback,,
0b8c8c7e85cecb68,夯爆了！全球首个 IL-17A/F 抑制剂上半年增长超 100%,当地时间 7 月 30 日，优时比发布 2026 年半年度财报，总营收 42.7 亿欧元 （约 49.84 亿美元； 按照 2026 年 H1 平均汇率计算：1 欧元=1.1672 美元 ） ， 同比增长 27% （按照固定汇率计算，下同） ，净销售额增长 28% 至 40.88 亿欧元 （ 47.72 亿美元 ） 。 自 2021 年上市以来， BIMZELX 凭借适应症扩展和快速商业放量，销售,1.3 细胞与基因治疗（CGT）,0.371,semantic_fallback,,
9a1510df12c9b0a3,Sci Adv：昆明理工大学李天晴团队揭示人心肌与心外膜早期谱系分离的发育动态与分子机制,心脏是人体胚胎发育过程中第一个形成的功能器官，其早期精准发育为后续整个机体的生理稳态奠定基础。 解析人类心脏在早期阶段如何实现细胞分化与谱系建立，不仅有助于揭示先天性心脏病的发病根源，也对心脏损伤修复和再生医学的进步具有重要推动意义。 人多能干细胞（hPSC）为体外模拟人类心脏发育提供了理想平台。,1.5 AI制药,0.3745,semantic_fallback,,
b3a16d379635d824,互联网健康检测平台运营商Function获得4.5亿美元增长融资,2026年7月30日，互联网健康检测平台运营商Function宣布，完成来自Customer Value Fund4.5亿美元的成长型融资，助力企业加速推进使命，帮助更多民众了解自身健康、自主管理个人健康。本次融资资金将助力Function加快平台普及，服务更多用户。,1.5 AI制药,0.3772,semantic,MUST_FIX → 3.3 数字医疗,
76a9fdb234c182c6,Cell：黎浩/刘玮合作揭示这种中国新发现的蜱传病毒通过细胞焦亡引发致命脂肪肝，并提出治疗方案,“ 湿地病毒 ” （Wetland virus，简称为 WELV ） 是近期在 中国东北地区被发现的一种新型 蜱传病毒 ，属于 布尼亚病毒目、内罗病毒科、正内罗病毒属，其感染 可引起发热、出血热甚至脑炎等严重症状。 WELV 还对肝脏有着特殊的“偏爱”——能够导致严重的肝损伤，部分患者甚至因此死亡。 然而，WELV 究竟是如何攻击肝脏的？,1.1 小分子创新药,0.3789,semantic_fallback,,
6c6aecc0ba155af0,NEJM：镇痛效果比阿片类更强的Nav1.8抑制剂LTG-001,2026 年 07 月 29 日， NEJM 刊发了 Nav1.8 抑制剂 LTG-001 治疗术后疼痛的 2b 期临床结果 ，这是近 15 年来 NEJM 第二次报道急性疼痛新药试验结果 ( 第一次是 Vertex 的 Nav1.8 抑制剂 suzetrigine) 。 作为一款 fast-follow 型药物， LTG-001 依然受到顶刊如此重视，一个重要原因是 LTG-001 的有效性可能,1.1 小分子创新药,0.3802,semantic,,
a7b3b2c1939ca8dd,诺和诺德SVP离职！,"近日， Negelle Morris 通过 LinkedIn 官宣，正式加入脏器疗法企业 Vantive ，担任美国区高级副总裁兼总经理，全面负责美国区域商业运营相关工作。 公开资料显示，Negelle Morris 曾任诺和诺德高级副总裁、美国心血管代谢事业部销售高级副总裁（ Senior Vice President, Head of US Cardiometabolic Sales ）， 全",1.3 细胞与基因治疗（CGT）,0.3839,semantic_fallback,,
583659aaef9d9983,Sci Adv：四川大学杨佼佼/李继遥团队构建能量增强 CRISPR 囊泡平台，精准修复口腔菌群稳态,口腔菌群失调驱动的致病菌感染与持续性炎症，是龋病、牙周炎等口腔疾病难以根治的核心症结。 传统广谱抗菌疗法缺乏病原体特异性，在清除致病菌的同时无差别杀伤共生菌，往往加剧菌群失调并加速耐药性的产生。 如何在精准清除关键致病菌的同时保留有益菌群、重塑宿主免疫应答、恢复微生物稳态，是领域内亟待突破的难题。,1.1 小分子创新药,0.3874,semantic_fallback,,
3361c983579b7d24,Blood：浙江大学王福俤/闵军霞团队开辟血色病铁过载治疗全新通路，哈佛专家同期点评,近期，浙江大学 王福俤/闵军霞 团队在国际权威期刊《血液学》（ Blood ，IF = 23.9）上发表的最新研究「 Modulation of the E3-ubiquitin ligase RNF217 alters ferroportin levels in enterocytes and iron loading in murine hemochromatosis」 （图 1），为铁过载血,1.1 小分子创新药,0.3895,semantic,,
f35d0f3b1cad0601,研究风向 | AI辅助视网膜病top-5准确率88.5%，长读长新增10例MUC1诊断,"01｜遗传性视网膜病 · AI决策支持 Retina4IRD加入专科决策，遗传类别top-5准确率由67.3%升至88.5%。 AI并非替代基因检测，而是在检测前帮助眼科医生缩小遗传类别范围；一项多中心随机试验给出了直接的人机协作证据。 核心数据： 研究者以中国、韩国和波兰 1,843名 遗传学确诊患者的 3,376只 眼训练并验证Retina4IRD。",1.2 生物药（抗体/蛋白/核酸/ADC/XDC偶联药物）,0.392,semantic,MUST_FIX → 2.3 IVD,
3179b4089e970d54,海王生物副总裁辞职，70后公安背景高管补位董事,不过，此番变动并非“告别”——辞任相关职位后，他仍将在公司其他岗位上继续履职。 这位1984年出生的高管，拥有硕士研究生学历， 注册会计师出身 。 接替其董事席位的是现任副总裁张晓鹏。,1.3 细胞与基因治疗（CGT）,0.392,semantic,,
eee0043fcb1be3eb,【文献速递】癌症是一种RNA疾病：DNA并非主宰，RNA决定白血病命运,随着年龄增长，髓系肿瘤的发病率也不断上升，通常是归因于体细胞病理性变异的终生积累。 例如，随着年龄增长，携带变异造血干细胞克隆的克隆性造血（CH）频率会增加。 这些数据表明， 仅凭体细胞变异并不能完全解释白血病的发生发展 。,1.2 生物药（抗体/蛋白/核酸/ADC/XDC偶联药物）,0.3939,semantic_fallback,,
feea6d983ed69d6a,激活医保数据要素价值，全国首笔无追索权保理业务落地温州,全国首笔无追索权保理业务落地温州。 今年6月，国药控股温州有限公司将一笔对温州医科大学附属眼视光医院的应收账款转让给招商银行温州分行，成功获得921万元融资。 “银行之所以敢于承担这一风险，答案在于药品追溯码背后真实可验的交易链条” 温州市医保局党组书记、局长林丹艳表示。,1.4 医药CXO（CRO/CDMO/CSO）,0.3958,semantic_fallback,,
2df0146073d0e43a,Nature 子刊：宁波大学沈昊伟研究团队揭示青春期接触致幻剂可长期改变竞争欲,致幻剂是一类能够显著改变感知、情绪、意识和判断的精神活性物质；在反复使用或个体易感的情况下，还可能带来持续性的心理和行为风险。 致幻剂滥用经常始于青春期，当大脑仍处于快速发育的青春期，反复接触致幻剂，会留下怎样的长期影响。 25C-NBOMe 是一种对大脑五羟色胺受体（5-HT2AR）具有极高选择性的苯乙胺类致幻剂，其对 5-HT2AR 的激动作用不依赖于传统的吲哚类致幻剂（如 LSD、裸盖菇素）,1.1 小分子创新药,0.3967,semantic_fallback,,
4c9d4245433925e0,健康保险服务商Gravie宣布获得融资,2026年7月30日，健康保险服务商Gravie完成了由General Atlantic领投的新一轮融资，使累计融资总额达到4.63亿美元。此次投资反映了对Gravie模式持续的信心，并将支持公司持续扩张、产品开发和市场推广工作。,1. 创新药,0.3996,semantic_fallback,LOW_CONF: 规则未命中，模型只分到大类,
0e8bfe8e0d19120a,中东再落子！9.77亿元砸向研发后，迈威生物在如何铺开出海版图,7月29日，迈威生物宣布与沙特阿拉伯生物制药公司SVAX Inc.就9MW0813（阿柏西普眼内注射溶液，艾力雅 ® 生物类似药）达成许可协议。 继巴基斯坦、印尼等国后，迈威生物在“一带一路”沿线落下又一颗棋子。 财报显示，2025年迈威生物营收同比增长232%至6.63亿元，2026年第一季度再增185%，其全球化布局的节奏正肉眼可见地加快。,1.1 小分子创新药,0.4066,semantic_fallback,,
28c3a0aa2387bd53,MD安德森花6小时详述副作用，国内问诊仅3分钟：前媒体主编抗癌手记,中国每年有400~500万新发癌症患者，带癌生存者超1000万，整体五年生存率不足50%。 对中国肿瘤患者而言，死亡是太过平常的归宿，活下来才是罕见的奇迹。 而据美国癌症协会今年1月发布的数据，美国癌症总体的5年相对生存率首次突破70%，癌症在该国的疾病谱中正逐步向慢性病转化。,1. 创新药,0.4075,semantic_fallback,,
c5d36fc0701958a6,豪横！百济神州：人均薪酬95.6万！,翻了一下2025年A股创新药企的人均薪酬数据，20家头部公司的分层还挺明显的，说白了就是"搞研发的吃肉，搞制造的喝汤"。 榜首毫无悬念被百济神州拿下了，人均95.6万，这个数字基本是把后面的人甩开一个身位。 益方生物和迪哲医药跟在后面，分别是64.8万和61.8万，盟科药业、亚虹医药、诺诚健华也都过了50万的线。,1.3 细胞与基因治疗（CGT）,0.4103,semantic_fallback,,
d3662c6bbfa7b577,Aurenar完成570万美元种子轮，无创迷走神经刺激瞄准脑血管痉挛,2026年7月28日，位于美国圣路易斯的神经科技公司Aurenar宣布完成570万美元超额认购种子轮融资。 Go Red for Women Venture Fund与Solas BioVentures联合领投，BJC Health和Kaleida Capital参投。 这笔钱的用途是完成V-Link设备的最终开发，推进验证与确认测试，准备向美国FDA递交后续监管文件，并把公司推到“关键性试验就绪,1.5 AI制药,0.4148,semantic,,
87ed0efc0ff7a04a,【首发】层浪生物再次完成数千万元融资，高端国产流式推向全球市场,2026年7月31日，中国流式细胞仪领域领军企业北京层浪生物科技有限公司宣布完成数千万元融资。本轮融资由北洋海棠基金独家投资，星桥资本担任独家财务顾问。这是继2026年4月份融资完成之后，短时间内再次受到资本市场青睐。,1.1 小分子创新药,0.4199,semantic_fallback,,
28425b56e5786a50,年薪50万，阳普医疗副总经理辞职,7月27日，阳普医疗公告， 闫红玉女士因到龄退休申请辞去公司副总经理、财务负责人职务。 辞任后闫红玉女士不再担任公司任何职务，并将按照公司相关规定开展工作过渡交接。 闫红玉女士，1964 年生，经济学博士、教授、高级会计师、中国注册会计师协会非执业会员。,1.3 细胞与基因治疗（CGT）,0.4234,semantic_fallback,,
918a928540aa5580,MET exon 14跳跃突变检测的挑战与对策：基于大规模真实世界队列及首次多国EQA的深度分析,MET exon 14跳跃突变是非小细胞肺癌（NSCLC）中关键的驱动基因变异之一，在肺腺癌中的发生率约为3-4% 。 鉴于多款靶向药物已在全球范围内获批用于治疗携带MET exon 14跳跃突变的晚期NSCLC患者，MET exon 14跳跃突变的准确检测对于指导临床治疗决策至关重要。 该研究包含两个主要部分， 第一部分为真实世界队列分析 ： 回顾性收集2016至2024年间经分子病理常规诊断为,1.5 AI制药,0.424,semantic,,
ae3a480c06e37f43,Science | 闫创业团队首次解析哺乳动物天然胶原近原子层级完整组装机制，揭开糖基化调控纤维形成核心密码,"2026 年 7 月 31 日 ， Science 在线刊发清华大学生命科学学院 闫创业 课题组 的研究论文 ： The molecular architecture of mammalian vitreous body collagen fibrils 。 胶原蛋白是哺乳动物细胞外 基质占 比最高的核心骨架蛋白，支撑骨骼、软骨、皮肤等全部组织 【1,2】 ，人体 90% 胞外基质干重均由胶原构成",1.6 合成生物学,0.4282,semantic_fallback,,
090a776f2c245f5f,Adv Sci | 赵华俊/张建揭示ADORA2A-NF-κB-CCL5轴介导NK细胞功能重塑促进HBV持续感染新机制，为HBV功能性治愈提供新策略,慢性乙型肝炎病毒 （ HBV ） 感染仍是全球重大公共卫生挑战，目前全球约有 2.5 亿慢性 HBV 感染者。 尽管核苷 （酸） 类似物能够长期抑制病毒复制，但由于肝脏免疫耐受微环境持续存在， HBV 特异性免疫功能难以恢复，实现乙肝功能性 治愈仍 面临巨大挑战。 HBV 持续感染的重要原因之一是肝脏长期形成免疫耐受微环境。,1.2 生物药（抗体/蛋白/核酸/ADC/XDC偶联药物）,0.4295,semantic,,
a1b04e4d5765a6a1,促进头发再生，艾伯维JAK抑制剂获欧盟批准；外用JAK抑制剂获欧盟批准，治疗特应性皮炎…… | 产业新闻,治疗斑秃，艾伯维JAK抑制剂获欧盟批准。 艾伯维（AbbVie）今日宣布， 欧盟委员会（EC）已批准Rinvoq（乌帕替尼，upadacitinib）用于治疗患有重度斑秃（AA）的成人及年龄≥12岁的青少年患者。 该项目包括两项设计相同的随机、安慰剂对照、双盲研究，旨在评估Rinvoq治疗重度AA成人和青少年患者的疗效与安全性。,1.1 小分子创新药,0.4302,semantic_fallback,,
aa049e61a4e682f5,GSK 启动重组，计划裁员,在诺 华、辉瑞、武田和默沙东之后，GSK 也加入了重组行列。 通过该计划，GSK 预计到 2029 年， 每年可以节省 19 亿英镑 （25 亿美元） 。 而一次性重组成本为 24 亿英镑 （32 亿美元） 。,其他/综合,0.4306,semantic,,
c94cc43deb49c3a6,恒瑞舒地胰岛素正式获批，长效胰岛素 + 复方管线双轮冲击糖尿病市场,7 月 29 日，国家药监局官网显示，恒瑞医药 1 类创新生物药舒地胰岛素（INS068）获批上市，用于成人 2 型糖尿病治疗， 这是国内首款自主研发原创长效胰岛素类似物 ，正式切入由甘精、德谷胰岛素主导的高端基础胰岛素赛道，同时为公司胰岛素 + GLP-1 复方管线筑牢核心骨架。 舒地胰岛素基于 desB30 人胰岛素进行侧链修饰，半衰期约 21 小时，平稳降糖周期更长。 整体行业趋势清晰，糖尿,1.1 小分子创新药,0.4359,semantic_fallback,,
5a468be6b66ccc9b,一期终止！Incyte放弃一款JAK2药物,近期，Incyte发布第二季度财报，其中披露 已终止其首个突变特异性JAK2 V617F抑制剂INCB160058的一期临床开发 （ 该I期数据发布已多次推迟。 Incyte为何放弃INCB160058。 INCB160058是 一 款 靶向JAK2V617F突变的抑制剂 ，曾被Incyte寄予厚望，用于治疗骨髓增殖性肿瘤（MPN）。,1.1 小分子创新药,0.4384,semantic,,
ce7f2d46e4fec15e,打响并购第一枪，自免赛道"新买手"现身,氨基观察-创新药组原创出品。 创新药领域，又一个野心家出现了。 这一收购价，相比Forte上周五54.78美元的收盘价溢价40.5%。,1.3 细胞与基因治疗（CGT）,0.4407,semantic_fallback,,
aba2b97309103916,股价暴跌33%！Processa反向收购Vidya，竟为了PK诺华？,Bain Capital Life Sciences、Janus Henderson Investors、RA Capital Management等顶级机构参与认购 。 消息公布后，Processa股价暴跌33%至1.83美元。 市场用真金白银投下了怀疑票。,其他/综合,0.4418,semantic,,
e868db63f6547e5c,华海首款自研创新药落地，国产 IL-36R 单抗打破进口独家格局,7 月 29 日，国家药监局官网显示，通过 优先审评批准华海药业旗下华奥泰生物瑞西奇拜单抗（HB0034）上市，这是华海药业成立以来首款自主研发 1 类创新单抗，同时也是国内第二款、首款国产 IL-36R 靶向药物 ，专门用于成人泛发性脓疱型银屑病（GPP）急性发作，填补国产该靶点治疗空白。 泛发性脓疱型银屑病属于罕见危重皮肤病， 已纳入国内罕见病目录 ，国内约 2 万名患者，急性发作易引发全身炎,1.1 小分子创新药,0.4448,semantic_fallback,,
076b7c38d2401f24,2.5亿融资，美敦力又投了一家创新械企,,1.1 小分子创新药,0.4485,semantic,,
f0a47c7d3e84ed44,石药集团SYH2062注射液用于治疗成人原发性高血压的II期临床试验在中国首家中心正式启动,7月29日，石药集团（1093.HK）宣布，本集团开发的SYH2062注射液（下称：该产品）用于治疗成人原发性高血压的II期临床试验（SYH2062–003）已于中国首家中心正式启动。 该产品是一种经过化学修饰的长度为21~23个核苷酸的双链小干扰核糖核酸（siRNA），采用N-乙酰半乳糖胺（Ga1NAc）偶联技术实现肝脏靶向递送。 该产品可特异性沉默血管紧张素原（AGT）基因，抑制对应蛋白表达，,1.1 小分子创新药,0.4504,semantic_fallback,,
41ff9e297521cb10,Mercantile Life Science Ventures IV和 Big Idea Ventures投资 Maia Fertility,Mercantile Life Science Ventures IV（MLSV）与Big Idea Ventures（BIV）通过其“Generation Food Rural Partners”基金，共同投资了生物科技公司Maia Fertility。该公司正在开发Ferizyme™，一种用于生殖健康的缓释酶平台。此次融资旨在扩大在北美和欧洲商业养牛场中的临床研究，为未来的人类应用奠定科学基础,1. 创新药,0.4508,semantic_fallback,,
75562bb8a3565e5b,并购又爆大雷！昊帆生物子公司卷入环保单位刑案，尽调漏洞敲响警钟,7个月非法排污 · 原管理层集体舞弊 · 4人涉刑。 上市公司被动成为被告 · 追偿之路道阻且长。 ⚡ 单位刑案 非法排污 商业贿赂 尽调漏洞 ⚠ 并购暗雷 核心暴雷。,1.1 小分子创新药,0.4521,semantic_fallback,,
dd95b923cada6f03,2026H1血制品行业跟踪报告（附批签发）,2026Q2静丙批签发348批，同比下降4%。 凝血因子类：2026H1凝血因子Ⅷ获批3 07 批（-1 2 %）、PCC获批171批（+10%）、纤维蛋白原获批22 7 批（+6 0 %）。 人白院内价格有所调整。,1. 创新药,0.4529,semantic_fallback,,
7f215ec1bed48608,Leukemia | 王洪团队揭示衔接蛋白介导的FLT3信号重塑驱动吉瑞替尼耐药新机制,急性髓系白血病 （ acute myeloid leukemia ， AML ） 是一类高度异质性的血液系统恶性肿瘤，具有疾病进展快、复发率高和预后差等特点。 该突变导致 FLT3 酪氨酸激酶持续激活，并通过 PI3K-AKT 、 JAK-STAT5 、 RAS-MAPK 等多条下游信号通路促进白血病细胞增殖和存活，因此 FLT3 成为 AML 精准治疗的重要靶点。 近年来，针对 FLT3 的靶向,1.1 小分子创新药,0.4541,semantic,,
e690af62bf2f332d,SHC Family | 必扬医药完成近两亿元A轮融资，AI驱动新药研发平台价值加速兑现,近日， 必扬医药宣布超额完成近两亿元人民币A轮融资。 本轮融资由上海生物医药创新转化基金与君联资本联合领投 ，康哲药业、丰雷资本、上海科创基金与港粤资本跟投，老股东源津创投与元生创投持续加码。 必扬医药成立于2021年，核心团队深耕“新药+AI”领域二十余年，兼具药物研发与计算模拟复合背景。,1.5 AI制药,0.4563,semantic_fallback,,
3e3604588792d7df,牵手国际医药巨头阿斯利康，石药创新上半年净利预盈最高13.6亿,石药创新(300765.SZ)7月27日披露业绩预告:。 预计2026年上半年归母净利润11.8亿元-13.6亿元，同比扭亏为盈，上年同期亏损274.61万元。 控股子公司巨石生物与阿斯利康签署《战略合作与授权协议》，将与阿斯利康在创新多肽分子药物领域开展合作。,1.1 小分子创新药,0.4567,semantic_fallback,,
dd395d1b998fbc35,100万转化，世纪坛医院成果转化再添一笔,医院病房的消毒，一直是个"知道有问题但解决不好"的场景。 传统的紫外线消毒用汞灯，波长200到280纳米，靠破坏微生物细胞结构来杀菌。 原理简单，但问题不少：汞灯含汞、易碎，有化学污染风险；更关键的是，它只能远距离照射，病房里的病床、床头柜、输液架、墙壁，每一个立体表面都可能形成消毒死角。,1.1 小分子创新药,0.4575,semantic_fallback,,
f74fc06b5e0030d0,分层施治：吴炅教授、张剑教授共话GnRHa在绝经前HR+乳腺癌的精准治疗新格局,我国乳腺癌患者群体有着鲜明的“年轻化”特征，中位确诊年龄为48-50岁，超过60%的患者在确诊时仍处于绝经前状态 。 与绝经后患者相比，这一人群的肿瘤异质性更高、侵袭性更强，术后5年复发率可达13-41%，远期复发风险更是能持续长达20年之久 。 长期以来，以促性腺激素释放激素类似物（GnRHa）为基石的卵巢功能抑制（OFS）联合内分泌治疗，一直是降低绝经前中高危激素受体阳性（HR+）乳腺癌患者复,1.3 细胞与基因治疗（CGT）,0.4584,semantic_fallback,,
4b02ac57e2650a82,72小时风暴，股价暴跌超64%后停牌,近日，Capricor Therapeutics（纳斯达克代码：CAPR）的股价单日近70%的狂跌后停牌，留下市场一片哗然。 导火索来自FDA细胞、组织和基因治疗咨询委员会（CTGTAC）召开的专家会议。 DMD是一种X连锁遗传的严重肌肉退行性疾病，每3500至5000名男婴中就有一人患病。,1.1 小分子创新药,0.4588,semantic_fallback,,
c75247bccf54c3b2,69家销售费用下降30%以上，这三年药企经历了什么？,药企销售费用和销售费用率均在下降。 近日，一批医疗企业收到监管问询函，销售费用被多次提问，重点是销售费用占比是否合理，费用支付对象中是否涉及公司经销商、关联方或其他利益相关方等，有企业被明确要求说明推广过程中是否存在商业贿赂行为。 《财经》观察2025财年报发现，诸如海南双成、睿昂基因等大健康公司的销售费用显著下降。,1.3 细胞与基因治疗（CGT）,0.4604,semantic_fallback,,
5741c97fcf204499,当GCGR遇上男性不育：降糖药的意外发现,• GCGR信号阻断可能兼具改善糖代谢和保护男性生殖功能的双重价值；。 • 完整的证据链证明，PFKFB3介导的乳酸生成是GCGR影响支持细胞功能和精子质量的关键环节；。 • 以PFKFB3为靶点改善男性生育力下降，是新的干预方向和药物研发线索。,4.3 减重/代谢管理,0.461,semantic,,
91ba99ed064cd752,「最新融资」源天生物：获得亿元A级融资，加速PET酶法再生10万吨产线落地,近日， 源天生物科技（天津）有限公司近日完成亿元A轮融资 。 本轮由 国泰海通、金桥基金 等投资， 北洋海棠基金 等老股东追投，资金将主要用于10万吨产线的技术迭代投入、前期建设与市场推广。 源天生物成立于2022年，依托天津大学相关平台，专注开发废弃PET塑料酶法再生技术，实现再生rPTA酶法生产及Rb-PET产业化。,1.1 小分子创新药,0.4622,semantic_fallback,,
c88d6fcfe4001b86,H药胃癌围术期·专家说 | 徐皓教授：精准评估新辅助疗效与把控手术时机，ASTRUM-006开启胃癌围手术期治疗新时代,东亚人群是胃癌高发人群，特别是在我国，胃癌患者就诊时已处于局部进展期的占比高达70%。 对于局部进展期胃癌患者，即便接受了标准的D2根治术及围术期化疗，其5年生存率仍不足50%，术后复发率居高不下，尤其是腹膜复发及远处转移尤为突出。 免疫治疗的兴起，为胃癌围手术期治疗带来了全新希望。,1.1 小分子创新药,0.4632,semantic_fallback,,
b7483a991377d6e2,速递 | Hims&Hers私传用户健康数据给Meta、Snap！股价大跌15%,你是否在线上问诊平台填写过脱发、减重、两性健康相关资料，以为问诊记录会严格保密？ 美国头部远程医疗企业 Hims & Hers 近期就因泄露千万用户私密医疗信息、套路化收费等违规操作，被联邦贸易委员会（FTC）联合加州、犹他州、洛杉矶县共同提起联邦诉讼，案件直指当下数字医疗行业普遍存在的数据灰色交易与消费套路问题，消息曝光当日公司股价暴跌近 15%，引发资本市场与全美消费者的广泛热议。 成立于 2,1.3 细胞与基因治疗（CGT）,0.4679,semantic_fallback,,
129a967f41bad536,荃信生物海外合作伙伴募资近3亿美元，拟合并登陆纳斯达克,一则合并公告，让一家中国 Biotech 的全球化棋局骤然提速。 近日， 荃信生物（ 2509.HK ）的海外合作伙伴 Caldera Therapeutics 宣布，已与美股场外公司 Synlogic （ SYBX ）达成全股票合并协议。 几乎同步， Caldera 锁定了由 Bain Capital Life Sciences 、 TCGX 、 Atlas Venture 、 venBio 、,1.6 合成生物学,0.4704,semantic,,
ae6a28ebda14a08b,消费医疗能否突破老龄化挑战？,由于消费医疗的主力消费人群是中青年，随着人口老龄化的加剧，尤其是少子化成为趋势之后，未来消费医疗的总客群将面临长期的萎缩。 面对长期的挑战，消费医疗的出路主要有三：尽可能留住当下的用户、涨价以提高客单价以及开发更多类别以提高单个客户的收入贡献。 首先，要留住消费医疗的用户并不容易，因为并不是所有项目都能获得全年龄段用户的青睐。,1. 创新药,0.4719,semantic_fallback,,
21d994ac295c5d2c,恒瑞医药2型糖尿病新药获批上市丨产业新闻,7月29日，恒瑞医药宣布收到中国国家药品监督管理局（NMPA）的通知，批准公司自主研发的1类治疗用生物制品 舒地胰岛素注射液 上市，用于治疗 成人2型糖尿病 。 舒地胰岛素注射液 （研发代号：INS068） 是恒瑞医药自主研发的 一款长效胰岛素类似物 ，其基于desB30人胰岛素（一种人胰岛素类似物）设计，并对其B29位（B链第29位）赖氨酸进行侧链修饰而成， 旨在实现起效平稳、维持药效时长、降低,1.1 小分子创新药,0.472,semantic_fallback,,
d9406c225e85b3be,非糖尿病肾病适应症新药申报上市,7月30日，拜耳宣布已向 CDE 递交「非奈利酮」 用于 慢性肾脏病（非糖尿病相关的） 成人患者的上市申请。 非奈利酮是拜耳开发的 first-in-class 非甾体选择性盐皮质激素受体 （MR） 拮抗剂 ，也是首个在针对左心室射血分数 （LVEF） ≥40% ，即 LVEF 轻 度降低或保留的心衰患者的 III 期临床研究中被证明有确切心血管获益的 M R 拮抗剂。 Insight 数据库显示,1.1 小分子创新药,0.4743,semantic,,
9ec1125fd83cd965,55亿美元和解方案出炉，强生滑石粉诉讼迎来终局：赔钱，但不承认产品致癌,强生滑石粉诉讼迎来终局。 赔钱，但不承认产品致癌。 15年司法拉锯 · 76000起索赔 · 99.75%存量案件覆盖。,1.1 小分子创新药,0.4749,semantic_fallback,,
8d6adfc1bfff71f6,药谷海外 | 链接全球实验室医学前沿 热景生物亮相ADLM 2026,2026年7月28-30日，全球实验室医学领域重要专业会议——ADLM 2026 Annual Scientific Meeting & Clinical Lab Expo在美国阿纳海姆会议中心（Anaheim Convention Center）盛大举行。 本次展会上，热景生物围绕中心实验室、即时检测（POCT）及公共卫生等应用场景，展示了多平台免疫诊断解决方案。 化学发光领域，热景生物展示了覆,1.1 小分子创新药,0.4753,semantic,,
6a0e6d5e5a15901a,再获美国专利授权，圣德医疗Infinicor™破解复杂瓣膜密封难题,近日，南京江北新区生命健康办企业圣德医疗自主研发的球囊扩张式介入瓣膜系统Infinicor™的核心专利《一种具有内收式翼展裙边的球囊扩张式介入瓣膜支架》获得美国发明专利授权。 临床原点：当圆形瓣膜遭遇不规则瓣环。 Infinicor™的设计思路，是在球扩瓣既有支撑结构之外，增加一层可主动展开、柔性顺应的密封单元——主动展开式柔性翼展裙边（Active Skirt）。,1.1 小分子创新药,0.4757,semantic_fallback,,
76f48fd7809030f7,人体PK预测（1）：清除率预测：从肝微粒体到人体CL,清除率（CL）是药物 PK 最核心的参数之一。 它决定了药物在体内停留多久、暴露量多高、给药频率怎么定。 预测人体清除率，几乎是 DMPK 从业者入行的第一个"硬活"——而 IVIVE（体外-体内外推，In Vitro-In Vivo Extrapolation）是这套活里的标准工艺。,1.1 小分子创新药,0.4766,semantic_fallback,,
8e3417c69369c1ac,恒瑞医药创新长效胰岛素获批上市,7 月 29 日，NMPA 官网显示，恒瑞医药申报的 舒地胰岛素 获批上市， 用于 治疗 成人 2 型糖尿病 。 来源： NMPA 官网。 两项研究结果分别以 以简单口头报告形式在 第 61 届欧洲糖尿病研究协会 （EASD） 年会上公布 。,1.1 小分子创新药,0.4771,semantic,,
4a525e48005930f9,CDE修订药品审评书面发补标准，重大缺陷直接拒批,No.1 / 盐野义恩赛特韦在美国上市，成为首个且唯一用于预防COVID-19的口服药物。 2026年7月29日，盐野义制药宣布 XOCOVA（恩赛特韦） 在美国正式上市。 该口服抗病毒药物已获批准用于成人和12岁及以上青少年在接触COVID-19患者后的暴露后预防（PEP）。,1.1 小分子创新药,0.4783,semantic_fallback,,
4df3c92ff1e73d5d,拜耳 first in class 新药适应症在中国申报上市,7 月 30 日 ，拜耳宣布已向 CDE 递交 「非奈利酮」 用于 慢性肾脏病 （非糖尿病相关的） 成人患者的上市申请。 非奈利酮是拜耳开发的 first-in-class 非甾体选择性盐皮质激素受体 （MR） 拮抗剂， 也是 首个 在针对左心室射血分数 （LVEF） ≥40% ，即 LVEF 轻 度降低或保留的心衰患者的 III 期临床研究中被证明有确切心血管获益的 M R 拮抗剂。 Insig,1.1 小分子创新药,0.4793,semantic,,
84965d9a78e39d58,CDH17：消化道肿瘤新靶点的崛起之路,过去几年，CLDN18.2成为消化道肿瘤靶向治疗领域最热门靶点之一。 如今，因在结直肠癌，胃癌，胰腺癌等高度表达， CDH17 成为全球创新药领域最受关注的新兴靶点之一。 在ADC领域已经产生多个重磅交易，成为了大热的现象级靶点。,1.1 小分子创新药,0.4834,semantic,,
37c4af538836a187,获赔近800万港币！思路迪医药胜诉,本次仲裁由香港国际仲裁中心全权审理，经独任仲裁员审理后下达最终裁决。 全面驳回SELLAS提出的全部仲裁主张；同时裁定SELLAS承担本次仲裁产生的相关开支，合计798.3万港元。 资源投入不足 ： SELLAS还指控思路迪医药未投入足够资源推进该项目，尤其是在中国大陆地区。,其他/综合,0.484,semantic,,
5d40b6be4913ff03,4.235亿欧元！英派药业PARP抑制剂授权出海,2026 年 7 月 30 日，南京英派药业发布公告，宣布与全球专科制药企业 Pharmanovia 达成重磅独家授权合作，将自主核心 PARP 抑制剂塞纳帕利（派舒宁 ® ）在欧洲、中东及北非、澳洲、新西兰共计 66 个国家的开发、生产与商业化权益对外授权，这也是英派药业首款国产创新药走向全球市场的关键里程碑。 根据本次签署的独家授权协议， Pharmanovia 获得塞纳帕利用于晚期上皮性高级,1.4 医药CXO（CRO/CDMO/CSO）,0.4843,semantic_fallback,,
d7513c067a1bccfa,建模文章解读 | 拉莫三嗪药代动力学模拟研究：临床参数的影响，肝功能评估和治疗药物监测,葡萄牙波尔图大学医院中心，临床化学科实验室病理学系。 研究结合了临床回顾性数据分析与建模与模拟分析（GastroPlus和DILIsym），具体发现如下：首先，通过对圣安东尼奥医院41例拉莫三嗪治疗患者的回顾性分析，发现多项肝肾功能及代谢相关生化指标出现异常且存在显著相关性，提示了潜在的安全性信号。 其次，借助模型模拟进一步揭示了临床参数对药物体内暴露及肝损伤的影响： GastroPlus构建的P,1.1 小分子创新药,0.4857,semantic_fallback,,
2edc4736fe73e869,10亿并购+5亿减值！GSK半年报落地,9 月4-5日 CBI生物医药创新博览会 扫码报名。 本文仅作医疗健康相关药物介绍，非治疗方案推荐（若涉及）;本文不构成任何投资建议。 7月28日， GSK 公布2026年第二季度业绩，上半年总营收160.38亿英镑（214.91亿美元），同比增长5%，核心经营利润同比增长7%。,1.1 小分子创新药,0.4859,semantic_fallback,,
028d12b4340baace,Nat Commun | 方宁/程晓东团队原位描绘网格蛋白介导内吞末期的力学协同机制,网格蛋白介导的内吞 (clathrin-mediated endocytosis， CME ) 是细胞摄取营养物质、调控信号转导并维持质膜稳态的基本过程。 在内吞末期，网格蛋白包被窝需要依次完成膜内陷、颈部收缩和膜断裂等高能垒形变。 传统研究多依据蛋白质的募集位置或 其驻留时间 推测其功能，难以捕捉内吞过程中膜结构本身的运动方式。,1.1 小分子创新药,0.4882,semantic,,
a2c4582cdac9bda6,「最新融资」泽萃生物：完成7500万美元新一轮融资，加码肿瘤与代谢疾病创新疗法布局,近日， 上海泽萃生物科技有限公司正式宣布完成7500万美元新一轮融资 ，由多家海外投资机构联合投资。 所募资金将重点投入肿瘤、内分泌代谢性疾病两大核心赛道，聚焦疾病底层机理研究、个体化治疗方案研发，突破临床治疗中的核心技术瓶颈，加速前沿创新疗法从实验室走向临床应用。 中研普华产业研究院《2026-2030年中国细胞治疗行业市场前瞻与未来投资战略分析报告》指出，2026年全球细胞与基因治疗市场已从2,1.1 小分子创新药,0.4893,semantic,,
d0cd2be2269d960b,重磅！这类罕见病纳入医保门诊慢特病保障！,上月，眉县医保政策迎来优化调整。 自2026年7月1日起， 进行性肌营养不良 正式纳入该市基本医保门诊慢特病Ⅰ类保障范围。 该病种实行长期有效管理，切实减轻患病家庭的就医压力。,3.3 数字医疗/互联网医院,0.49,semantic_fallback,,
6ee610aa69c5229c,思路迪医药全面胜诉！扫清3D189合作障碍,这场仲裁裁决不仅是一场法律胜利，更扫清了公司在WT1肿瘤疫苗3D189大中华区开发与商业化道路上的最后不确定性。 香港国际仲裁中心的独任仲裁员在全面审查证据和双方辩论后，作出了对思路迪医药极为有利的裁决： 不仅驳回了 SELLAS 的全部主张，更要求 SELLAS 承担思路迪医药本次仲裁产生的全部相关费用，合计 798 万港元。 这一裁决结果彻底扫清了双方合作中的法律不确定性，为后续产品开发提供了,1. 创新药,0.4906,semantic_fallback,,
49acac614fa01972,Nature | 郭峥团队揭示肠道干细胞通过对自身分裂计数转变多能分化方向,在器官和组织中，多能干细胞分裂产生不同命运的子代细胞维持组织的稳态。 其中一个重要的现象是：不同命运的子代细胞按照一定的比例配合在一起，执行组织的生理功能。 当前领域内的主流解释倾向于随机概率模型：干细胞每次分裂以固定概率随机选择子代细胞命运，比例的稳定性由统计规律保证 。,1. 创新药,0.4911,semantic_fallback,,
3984db95c3c55609,Nature | 黄硕团队开发纳米孔“逐字读取”技术，实现单分子肽序列精准解析,蛋白质是生命活动中最核心的功能分子之一，几乎参与细胞内所有关键生物过程。 该研究指出，蛋白质的氨基酸序列决定其三维结构和生物学功能，而高分辨率解析单个蛋白分子的序列信息，对于揭示复杂生命过程具有重要意义。 目前，蛋白质组学研究主要依赖质谱技术以及传统Edman降解方法。,1. 创新药,0.4922,semantic_fallback,,
1d3cd57c35670dc4,王玮教授：胃癌与胃神经内分泌肿瘤的规范化诊疗——从精准分型到微创技术,胃癌与神经内分泌肿瘤虽同可发生于胃部，但两者在肿瘤来源、生物学行为及治疗策略上存在本质差异。 规范化诊疗的核心在于精准的病理分型与分期，在此基础上制定个体化治疗策略，是保障患者疗效的重要基础。 本期“中青年医师健康科普行动”有幸邀请到 中山大学肿瘤防治中心王玮教授 ，结合其临床实践与学术研究，就胃癌与胃神经内分泌肿瘤的规范化诊疗原则、微创外科技术的应用及围手术期综合治疗等话题进行系统解读。,1.1 小分子创新药,0.4934,semantic,,
c61949c25cf24771,【2389】1q染色体异常影响RRMM预后，三联方案治疗中需重视细胞遗传学分层,复发/难治性多发性骨髓瘤（RRMM）的治疗是血液肿瘤领域的难点，其疾病进展与细胞遗传学异常密切相关，其中1q染色体获得（gain(1q)）和扩增（ampl(1q)）作为常见的遗传学改变，在新诊断多发性骨髓瘤（NDMM）中已有明确的不良预后意义，但在复发难治性阶段的真实世界预后价值及对新型三联治疗方案的疗效影响仍缺乏大样本验证。 近日，发表于 European Journal of Haematol,1.2 生物药（抗体/蛋白/核酸/ADC/XDC偶联药物）,0.494,semantic,,
98b700f14f2f9d02,Nature：南京大学黄硕团队跳出传统过孔思路，原创 tPAL 技术实现单分子肽段逐段精准测序,从 DNA 双螺旋结构被解析以来，人类一直在寻找更直接、更灵敏的蛋白质测序方法。 传统的 Edman 降解和质谱技术在面对低丰度蛋白和翻译后修饰时力不从心，新兴的单分子策略虽然百花齐放，却各自卡在灵敏度和覆盖率的瓶颈上。 2026 年 7 月 29 日，南京大学 黄硕 团队在 Nature 发表了题为 「Sequential reading of a stepwise-shortened pept,1.1 小分子创新药,0.4943,semantic_fallback,,
3da876be35e0f286,BOC 2026丨聚焦本土原创：应志涛教授深度解读《中国临床肿瘤学年度研究进展 2025》淋巴瘤篇,会上，《中国临床肿瘤学年度研究进展 2025》重磅发布，系统梳理了中国肿瘤学过去一年的重大突破与核心进展。 《肿瘤瞭望-血液时讯》特邀 中国医学科学院肿瘤医院应志涛教授 ，就淋巴瘤领域的年度核心进展进行深度解读与前瞻展望。 《肿瘤瞭望-血液时讯》：2025 年多款国产 CD19 CAR-T 获批上市、多项本土长期随访数据发布，成为淋巴瘤领域年度核心进展。,1.1 小分子创新药,0.4975,semantic_fallback,,
a858ac747e3841df,Applied Biosciences 期刊获得首个影响因子4.3，最新CiteScore 5.3,近日，2026年度《期刊引证报告》正式发布。 Applied Biosciences 期刊收获了首个影响因子：4.3；在Biotechnology and Applied Microbiology 领域排名Q2。 同时， Applied Biosciences 期刊收获了最新的CiteScore 5.3；相较于上一年提高了82.8%，在Agricultural and Biological Sci,1.1 小分子创新药,0.4976,semantic_fallback,,
27f10bf5fa0196a7,控制权易主前夕，老牌药企换帅,7月24日，河南太龙药业发布重磅人事公告。 公司董事会收到 王荣涛 书面辞职申请， 王荣涛正式申请辞去董事长、董事、董事会战略与发展委员会主任委员 ，同时一并卸任所有下属子公司相关职务。 就在同一天，董事会火速完成选举， 陈四良 接任董事长、法定代表人 ，没有设置过渡阶段，实现无缝交接。,其他/综合,0.4976,semantic,,
d713c8f9b38fca70,【眼见为实长生存】文钦教授：Ph+ B-ALL陷入MRD阴性、融合基因阳性的缓解假象，如何打通深度缓解、桥接移植与长期生存之路？,"急性B淋巴细胞白血病（B-ALL）是一类高度侵袭性的血液系统恶性肿瘤，成人B-ALL患者疾病进展迅速、复发率高，在传统化疗时代，患者长期生存面临巨大挑战，复发率高、生存期短、不良反应难以耐受等问题始终制约着患者的预后改善 1,2 。 2021年8月起，以CD19-CD3双特异性抗体贝林妥欧单抗为代表的免疫治疗药物陆续上市，重塑了B-ALL的治疗格局，也为患者提供了长生存的可能 。 基于此，【肿瘤资",1.1 小分子创新药,0.4977,semantic,,
3be332ffbb91c047,从骨骼保护到免疫协同，于多教授畅谈结直肠癌骨转移治疗策略与实践,结直肠癌骨转移虽发生率不及肝、肺转移，但预后极差、骨相关事件频发，是临床管理中的一大难题。 近年来，多学科综合管理、骨保护药物的临床应用与探索，不仅筑牢了预防骨相关事件的基石，也揭示了骨保护药物与免疫协同的新潜力。 研究员，医学博士，化学博士后，博士研究生导师。,1.1 小分子创新药,0.4978,semantic_fallback,,
79b813cb5c58ac7f,重磅炸弹，双适应症，全球首次获批！,2026年7 月 29 日，艾伯维官方宣布，欧盟委员会（EC）已批准乌帕替尼（商品名： Rinvoq）两项 新适应症获批上市， 分别用于治疗12岁及以上重度斑秃成人和青少年患者，以及适合接受系统性治疗的12岁及以上非节段型白癜风(NSV)成人和青少年患者 。 值得一提的是， 这是 乌帕替尼 在全球范围内首次斩获这两大适应症， 更让它成为欧盟首个且唯一获批用于白癜风的系统性治疗药物。 同时，在斑秃领,1.1 小分子创新药,0.4978,semantic,,
4369fce365fba15b,ICH拟新增Q5E附录，针对ATMP变更可比性研究,7月，ICH发布 最终概念性文件 ，正式启动对2004年生效的ICH 《Q5E：生物技术产品/生物制品在生产工艺变更前后的可比性》 指南的修订工作。 此次修订旨在新增一份正式附录文件，嵌入Q5E指南体系，不改变原指南主体，而是特别针对先进治疗药品（ATMP）可比性评估提供高层级原则和具体技术指导，提供全球统一的科学和风险导向框架。 该附录得最终草案预计于2027年8月进入公开征求意见阶段，预计20,1.1 小分子创新药,0.4985,semantic_fallback,,
a69a7965ddd76b48,FDA质疑疗效，公司股价暴跌38%,昨天，生物技术公司 Replimune 的股价单日暴跌 38%，导火索是美国FDA的一份内部简报。 这份简报对该公司旗下的溶瘤病毒药 RP1 用于治疗晚期黑色素瘤的上市申请给出了不太友好的评价。 Replimune 给出的数据是 33.6% 的缓解率，但 FDA 重新审视后发现，这其中包含了不少水分。,1.1 小分子创新药,0.5009,semantic_fallback,,
d68a9b6342b416f8,突破三代EGFR-TKI耐药困局：从分层管理到精准靶向治疗新进展,EGFR突变是非小细胞肺癌（NSCLC）中最常见的驱动基因突变，尤其在亚洲人群中占比最高，是肺腺癌的主要致癌驱动因素。 目前EGFR突变NSCLC患者的一线治疗以三代EGFR-TKI为基石，一线治疗进展后的后续治疗选择仍是临床面临的主要挑战之一。 由北京整合医学学会支持的“医脉相承”学术研讨与交流项目特邀肺癌领域临床专家，针对该领域的前沿进展、新型药物的临床应用等话题展开讨论。,1.1 小分子创新药,0.502,semantic,,
fe57b32738164dcb,AML减低化疗新趋势 I VA+X Triple 治疗策略的探索与进展,近年来，以维奈克拉（VEN）为代表的靶向药物推动了AML治疗模式的变革，VEN联合HMA的Chemo-free方案已成为AML患者的优选策略。 当然，对于部分亚型，VEN+HMA方案的疗效仍有进一步提升的空间。 联合靶向的Chemo-free Triple数据令人鼓舞：。,1.1 小分子创新药,0.5026,semantic,,
28b46b9b7a8e67d7,第12批集采在即，“反内卷”动真格开始了？,29家企业争夺10个入围名额，淘汰率约66%，但在这场看似残酷的竞争中，低价真的就是唯一出路吗。 第12批集采坚决反内卷——极端竞争品种的制度保障。 从价格维度看，0.8096元/片的最高有效申报价已处于65个品种最低梯队，29家企业竞争10个入围名额，淘汰率约66%。,其他/综合,0.5028,semantic,,
95f1acdeb8612e78,一款BTK抑制剂，融资2亿美元！,7月29日，Processa Pharmaceuticals（NASDAQ：PCSA）宣布收购Vidya Therapeutics，一家临床阶段的生物技术公司，正在开发VT-7208，一种用于免疫介导疾病的布鲁顿酪氨酸激酶（BTK）抑制剂，最初专注于对食物过敏、慢性自发性荨麻疹（ CSU ）和复发性多发性硬化症（ RMS ）的潜在最佳BTK抑制。 私募融资预计将于2026年7月30日完成。 作为交,1. 创新药,0.5029,semantic_fallback,,
0887d81a7796bc90,千万级薪酬！Biotech挖来艾伯维前总裁,2026年7月27日，纳斯达克罕见病精准基因药物企业 Sarepta Therapeutics（股票代码：SRPT）公告，正式聘任 Michael Severino 博士担任公司首席执行官 。 Michael Severino。 他自2022年起担任 基因治疗明星公司 Tessera Therapeutics 首席执行官 ，同时兼任顶级风投机构 Flagship Pioneering 首席执行官合,1.3 细胞与基因治疗（CGT）,0.503,semantic,,
601cbb7fa904b19f,【首发】昌郁医药完成2.5亿元D轮融资，加速疼痛与神经领域产品临床开发和全球商业化布局,本轮融资资金将主要用于昌郁医药首发产品XG005在美国开展Ⅲ期急性疼痛临床研究，并支持公司核心产品管线的持续开发及全球化推进。,1.1 小分子创新药,0.5034,semantic,,
3e054b63dc5b7fe5,Fast-Follow【KarXT】II期临床成功，但公司股价大跌73%,MapLight Therapeutics 近 日 公布了其精神分裂症治疗药物 ML-007C-MA的II期ZEPHYR临床试验的顶线数据 。 试验结果显示，每日两次给药的 ML-007C-MA达到了主要终点目标，与安慰剂相比，该给药方案 在 改善 PANSS总分上具有统计学 显著差异 。 每日两次给药方案成功。,1.1 小分子创新药,0.5043,semantic,,
b72b14d72071a9c8,重塑治疗边界：不可切除III期NSCLC的治疗现状与未来方向,不可切除III期非小细胞肺癌（NSCLC）因其解剖学分期的复杂性与临床异质性，始终是胸部肿瘤诊疗领域的关注焦点。 随着临床循证医学证据的积累，该领域的治疗范式已从单一局部放疗向放化疗及免疫/靶向巩固治疗模式转变。 在约有25%至30%的NSCLC患者在确诊时已处于III期阶段。,1.1 小分子创新药,0.5061,semantic,,
5f63b8fabdc24ffa,诺奖团队解散，AI 制药赛道迎来全新竞争格局,刚刚，金融时报（ FINANCIAL TIMES）透露了一条 重磅消息， 谷歌DeepMind ，已经把旗下打造了AI蛋白质结构AlphaFold系列的幕后团队解散了。 要知道这只团队在AI4S领域可谓影响力巨大，从2018年推出初代 AlphaFold算起已稳定运转了8年， 核心成员 DeepMind首席执行官Demis Hassabis（下图左）和总监 John Jumper（下图右） 在20,1.5 AI制药,0.508,semantic_fallback,,
43fd51126d446c1d,【中国好声音】陈春燕教授：长程循证，分层有据——真实世界研究解读unfit AML长疗程维奈克拉的MRD预后价值,急性髓系白血病（AML）是一类高发于老年人群的侵袭性血液恶性肿瘤，中位确诊年龄达68岁。 相当一部分患者因高龄、体能状态不佳或合并严重基础疾病，无法耐受标准强化疗，长期以来预后较差。 维奈克拉联合去甲基化药物（VEN+HMA）方案已成为不适合强化疗（unfit）初治AML患者的标准一线治疗，但其长疗程应用的生存获益、安全性特征及微小残留病（MRD）的动态预后价值，仍缺乏充分的真实世界数据支撑。,1. 创新药,0.5085,semantic_fallback,,
3231859462f70107,Nat Commun丨鲁洪中课题组开发自动化代谢建模新工具AlphaGEM，为非模式生物绘制精准“代谢地图”,近日，上海交通大学生命科学技术学院、微生物代谢全国重点实验室 鲁洪中 副教授课题组在 Nature Communications 发表题为 AlphaGEM Enables Precise Genome-Scale Metabolic Modelling by Integrating Protein Structure Alignment with Deep-learning-based Dark,1. 创新药,0.5094,semantic_fallback,,
d12eabd00d378a18,GSK“背水一战”，中国资产全线接棒,2026 年 7 月 28 日， GSK 发布第二季度超预期财报： 全球销售总额达 84 亿英镑，同比增长 5% ，核心营业利润增长 7% 。 根据该计划内容， GSK 将 在未来三年每年节省 19 亿英镑成本 ，而这些省下来的资金将大部分 回流到研发管线中；基于此， GSK 直接将原计划在 2026 年启动的 Ⅲ 期数量由 10 项翻倍到 20 余项。 根据 2026 年 Q2 财报，GSK 全,其他/综合,0.5097,semantic,,
8f9abd1352f6a470,健康元推进国际化布局，丽珠拿下越南IMP67.87%股权，印尼原料药工厂有序建设,健康元表示，国际化是公司长期发展的重要战略方向，目前正围绕海外并购、本地化生产、产品注册及市场拓展等方面持续推进相关布局。 在海外并购领域， 健康元 公司控股子公司丽珠集团通过境外全资子公司完成对越南Imexpharm Corporation（IMP）104545781股股份的公开要约收购，相关股份已完成过户，丽珠集团取得IMP67.87%的股权。 IMP拥有符合国际标准的生产能力及完善的越南本地,3.3 数字医疗/互联网医院,0.5124,semantic_fallback,,
c78c92d54f13e92f,聚焦新分子Pterica®：Agrobiomics 推出全新种子处理生物刺激剂Resilya®,在作物生长周期的起点施用，它能够提供精准度、均匀度，并无缝融入现代农业系统，兑现其最基础也是首要的承诺：赋予每一粒种子最佳的萌发起点。 问题不再简单是作物是否会面临非生物胁迫，而是在哪个生长阶段以及持续多长时间。 由此引发了一个更具雄心的思考： 如果种子处理还能为植物提前做好应对整个作物季的准备，会怎样。,1.6 合成生物学,0.5142,semantic,,
82cea1213a814b5c,环氟菌胺在中国扩作登记，单剂″破冰″靶向葡萄白粉病,这是国内登记的首个环氟菌胺单剂产品，同时也是该成分产品首次在葡萄上完成登记。 环氟菌胺主要用于防治蔬菜、果树以及多种谷物上的白粉病和褐腐病等，特别对DMI类、苯并咪唑类、甲氧基丙烯酸酯类杀菌剂产生抗性的白粉病菌株有效，堪称抗性白粉病的″精准打击利器″。 此外即陕西上格之路生物科学有限公司本次新获登记的100克/升环氟菌胺悬浮剂，记作物和防治对象为葡萄白粉病、黄瓜白粉病。,1.1 小分子创新药,0.5144,semantic_fallback,,
56b6f1a8b41b9b5e,赵鑫教授：结直肠癌的内科治疗策略——从分层决策到精准用药,结直肠癌是消化道肿瘤中具有代表性的恶性肿瘤，也是多学科诊疗（MDT）模式应用较早的瘤种之一。 结直肠癌的治疗决策通常需基于患者的初始可切除性、基因分型及体能状况等因素，制定个体化的分层治疗策略。 本期“中青年医师健康科普行动”有幸邀请到 厦门大学附属第一医院肿瘤内科赵鑫教授 ，结合其临床实践经验，就结直肠癌的分层治疗策略、基因分型指导下的精准用药、MDT模式的应用及临床常见问题等话题进行系统阐述。,1.1 小分子创新药,0.5148,semantic,,
4586f444bdb3ee8d,巴斯夫集团发布2026年半年度财务数据,几乎所有业务领域的收益较去年同期实现增长。 2026年二季度，巴斯夫几乎所有业务领域的盈利均实现增长。 2026年二季度业务发展情况。,其他/综合,0.5166,semantic,,
5fc1f48d6215f0d7,靶向药越吃越没用？癌细胞正在患者体内“疯狂进化”，一个方法提前锁定耐药“七寸”！,"一、 耐药,是肿瘤在""进化""。 更麻烦的是,肿瘤的进化不是一条直线。 同一个肿瘤里,不同区域的癌细胞可能携带完全不同的基因突变——有的对药A敏感、对药B耐药,有的恰恰相反,这就是所谓的""肿瘤异质性""。",1. 创新药,0.5173,semantic_fallback,,
ac5626e3e782472f,9:3，FDA否决DMD细胞疗法,2026 年 7 月 29 日，美国 FDA 细胞、组织与基因治疗咨询委员会（ CTGTAC ）召开关键审评会议，针对 Capricor 旗下同种异体细胞疗法 deramiocel 用于杜氏肌营养不良（ DMD ）相关心肌病的上市申请展开投票，最终专家组以 9 票反对、 3 票支持的悬殊结果，认定现有数据不足以证实该疗法疗效，这场持续多轮的监管博弈，核心矛盾集中在 III 期 HOPE-3 临床试,1.1 小分子创新药,0.5175,semantic_fallback,,
14de9b0e1426f15f,荣昌撤回重磅新药上市申请,国内眼科创新药赛道，迎来一个意料之外的节点。 7 月 28 日，国家药监局（ NMPA ）官网药品通知件送达信息显示， 荣昌生物申报的伊立芙普 α 眼内注射液（ RC28-E ）上市申请未获批准 ，本次申报适应症为糖尿病性黄斑水肿（ DME ）。 该药物采用玻璃体内注射给药，通过同时阻断血管内皮生长因子（ VEGF ）和成纤维细胞生长因子（ FGF ），协同抑制病理性血管新生、血管渗漏以及组织纤维,1.1 小分子创新药,0.5176,semantic,,
217f65369adffb5d,FDA专家会果然否决了DMD细胞疗法,之前说简报文件很不利于Capricor的DMD细胞疗法 ，那现在专家会果然否决了。 FDA下属的细胞、组织和基因治疗咨询委员会（CTGTAC）于7月29日召开 专家 会议，就Capricor Therapeutics公司旗下细胞疗法deramiocel的生物制剂许可申请（BLA）进行审议和表决。 FDA预计将在2026年8月22日的PDUFA目标日期前做出最终审批决定 。,1. 创新药,0.5182,semantic_fallback,,
d7b2c22b54189564,植物源天然环肽作为下一代生物农药的开发前景,在众多新型生物农药技术中，植物源环肽（Cyclotides）凭借其极高的特异性、环境相容性以及无与伦比的超高稳定性，正逐渐成为全球农业科研与产业界关注的核心焦点。 该综述系统地总结了环肽的生物活性、结构-功能关系、进化起源和农业应用前景。 环肽的独特结构与卓越稳定性优势。,1. 创新药,0.5184,semantic_fallback,,
8c14c8b19278930f,中外名家深度对话｜免疫治疗驱动B-ALL化疗降阶梯，MRD导向精准分层重塑移植决策与全程管理,长期以来，强化化疗始终是急性B淋巴细胞白血病（B-ALL）治疗的基石，然而，治疗相关毒性限制了其在部分患者中的应用。 近年来，随着免疫治疗不断向治疗前线推进，急性B淋巴细胞白血病（B-ALL）的整体治疗格局正发生深刻变革。 降低化疗强度、重塑移植定位、探索去化疗方案已成为领域核心探索方向。,1.2 生物药（抗体/蛋白/核酸/ADC/XDC偶联药物）,0.5187,semantic_fallback,,
8bbf12efd06603a2,雅培启动TriClip真实世界新研究，迎接爱德华Pascal挑战,2026年7月28日，雅培（Abbott）宣布启动TREAT TR研究。 这是一项针对TriClip经导管缘对缘修复（TEER）系统的上市后真实世界研究，旨在进一步评估TriClip在实际临床环境中的安全性和表现。 研究计划在全球多达100个中心（覆盖美国、加拿大和欧洲）入组约1000名患者，随访5年。,1. 创新药,0.521,semantic_fallback,,
a30cb3431ef6c0df,别只盯着欧美巨头！印度这个新产业5年翻3倍，已成中国出海最大变数,长久以来，中国医疗器械被认为将凭借全产业链优势加速抢占全球市场，但印度医疗器械产业正快速崛起，全球每卖出10根外科缝线就有4根来自印度，心血管支架领域印度龙头海外收入占比也极高，部分细分市场已超中国头部企业。印度2023年出台政策，明确2025年器械市场规模达152亿美元、2030年扩张至500亿美元，25年内将全球市场份额从1.5%提升至10%-12%。印度通过“印度制造”战略及一系列配套举措推,其他/综合,0.522,semantic,,
39f625072cb7cdd7,树脑科技获千万级天使轮，押注EEG+MEG双技术路线,据投资界7月28日报道，树脑科技近日完成千万级天使轮融资。 本轮融资由浙江火炬中心、君颐资本、磐安城建集团等机构联合投资。 树脑科技目前形成了以EEG和MEG为核心的两条技术路线。,1.5 AI制药,0.5231,semantic_fallback,,
9e391e26fe3a3cd0,“打工人”的腰终于有救了！J Nanobiotechnol｜双效复合微球同步抗氧化+组织修复开辟微创新疗法,久坐、低头办公、长期弯腰负重催生 腰椎间盘退变 成为全民高发慢性病，也是成年人慢性腰痛最核心致病根源。 流行病学数据显示 30 岁以上人群椎间盘退变患病率可达 30%~80%，年龄越大发病概率越高，长期腰痛不仅限制日常行走、弯腰等基础活动，还会造成巨大家庭与医保经济负担。 近期华中科技大学同济医学院团队在 Journal of Nanobiotechnology 发表重磅研究， 设计出搭载黑磷纳米,1.6 合成生物学,0.5235,semantic_fallback,,
d3c4ef42fb3e1044,代理型人工智能（Agentic  Artificial Intelligence，即Agentic AI）在2~3期临床研究中的运营实践,临床研究领域的人工智能已从基础自动化和文本生成迈入“代理型AI”时代。 这类系统不再只是向您展示仪表盘并等待指令，而是能够主动执行复杂的工作流程。 传统型AI负责发现问题，代理型AI负责解决问题。,3.3 数字医疗/互联网医院,0.5241,semantic,,
de5dc3c7038eb02e,Nat Commun丨曹流、单忠艳教授团队揭示线粒体自噬维系cGAS-STING先天免疫通路稳态在自身免疫性甲状腺炎发病中的新机制,线粒体作为细胞能量代谢的核心枢纽，维系细胞功能稳态，其质量控制失衡与多种疾病的发生发展密切相关。 线粒体DNA （mtDNA） 向胞质的异常泄漏可激活cGAS-STING先天免疫通路，触发炎症反应。 线粒体自噬作为一种关键的线粒体质量控制机制，在维持细胞稳态中发挥着重要的适应性保护作用。,1.1 小分子创新药,0.5261,semantic,,
e4e4231e2096df69,首关15亿！上海生物医药基金二期落地,近日， 上海生物医药基金二期完成15亿元首关落地，由上实资本担任管理人 。 上实资本携手上海医药、上药集团、上海国投先导、浦东创投、国泰海通、君实生物、张江集团等多家产业龙头与专业投资机构共同出资。 基金关注FiC/BiC高潜力资产，围绕心血管、代谢、神经精神、肿瘤等重要疾病领域，布局多肽/环肽、核酸、基因细胞治疗等新兴药物形式。,1.6 合成生物学,0.5271,semantic,,
d82e2f98dbe63489,Nat Methods | 姜鹏团队推出SecAct框架，从“基因表达”到“信号活性”系统解析分泌蛋白功能,"人体编码约 1,900 种分泌蛋白，它们如同细胞间的 “ 信使 ” ，在组织发育、免疫调控及疾病发生发展中发挥关键作用。 根本瓶颈在于： 分泌蛋白不作用于自身细胞，其功能难以通过常规的细胞自主性方法进行系统评估。 如何直接推断分泌蛋白在组织中的真实信号活性，长期是该领域悬而未决的难题。",1.5 AI制药,0.5297,semantic,,
6367a8e87d78282d,从跟跑到领跑，多款全球首创药中国率先上市,7月23日，武田制药首创的奥普雷顿片通过优先审评审批程序在中国获批上市，用于16岁及以上青少年和成人1型发作性睡病患者（NT1）。 奥普雷顿片由此成为行业焦点，不仅因为它是中国首个获批的口服OX2R激动剂、目前唯一获批用于治疗NT1的创新药，更因为其实现了全球多中心研发的原创靶点创新药在中国“首报首发”的历史性突破。 创新药的“中国首发”潮。,1.1 小分子创新药,0.5315,semantic_fallback,,
24ad33da5a1c6d11,国内第二篇RIPTAC分子Follow专利-还是恒瑞!!!,“作为 RIPTAC AR 的用途”，“治疗和/或预防由雄激素受体介导的或依赖性的疾病”。 效应蛋白端明确提到 BET / BRD4 功能抑制。 癌症是全球首要疾病负担；前列腺癌男性高发、随年龄增长、发病率上升；乳腺癌女性首位。,1.1 小分子创新药,0.5322,semantic,,
4b30d92c05f56d00,WHO更新预认证药品和疫苗的各国药监“依赖”程序,7月14日，WHO发布协作注册程序（CRP） 征求意见稿 （征求截至8月31日），旨在通过国家监管机构（NRA）之间的信息共享与监管依赖（Reliance），简化并加速WHO预认证（PQ）产品（药品及疫苗）的国内注册、再注册以及全生命周期管理。 WHO于同日发布的 另一份意见稿 旨在澄清NRA对于“列名监管机构”（WLA）的依赖。 结合这份文件，WHO旨在构建立体的全球药监依赖机制，加快药物可及。,1.4 医药CXO（CRO/CDMO/CSO）,0.5327,semantic_fallback,,
a349359e8c109909,MNC 64%资金押注中国，并购热度冲四年巅峰,• 中国药企在MNC前十授权交易中的占比显著提升；。 • 上半年中国企业与MNC交易数量达30笔，预付款和总金额均翻倍增长；。 • 跨国药企共发生33笔并购（M&A），数量与金额较去年同期，实现双双超两倍增长。,1. 创新药,0.533,semantic_fallback,,
0f1ce364ead6b7b5,超 2 亿元，小核酸疗法开发公司完成新一轮融资,本轮融资由国中资本领投，IDG 资本、光大控股、金雨茂物、浦赢集团、苏高新金控等机构入局，老股东隆门资本持续加注。 融资将主要用于加速 RAG-17 （渐冻症） 、RAG-01 （膀胱癌） 等核心管线的临床推进，推动 RAG-18 （杜氏肌营养不良症） 及代谢领域项目进入临床 IND，并升级其 全 球唯一 的 saRNA/siRNA 双模态平台 与肝外递送系统。 RAG-17 是一款靶向超氧化物歧,1.1 小分子创新药,0.533,semantic,,
60351b79d1dfbcec,FDA临时发布17个多肽注射剂PSG，撤回旧指南,7月28日，FDA仿制药办公室（OGD）未遵循季度发布的惯例，临时发布了一批修订版产品特定指南（PSG），仅涉及注射用多肽产品，共计17个产品（9个分子），且均为第二或第三次修订。 从FDA 官方公告 措辞看，这一系列PSG不应仅被视为个案，而是标志着FDA在多肽仿制药监管科学上的显著进展。 这批PSG通常包括5个技术领域的内容：重组、合成或半合成多肽的ANDA申报建议；先天免疫应答检测；杂质限度,1.1 小分子创新药,0.5334,semantic_fallback,,
76501b3feb72e8e8,最低0.88元！130个药品主动降价,近日，辽宁省药品及医用耗材集中采购网发布《关于执行复方金银花颗粒等130个药品主动降价结果的通知》，明确自 7月29日（今日） 起，全省所有医疗卫生机构将执行这 130个药品 的最新挂网采购价。 在全年持续推进的药品降价浪潮之下，一套 全新的药品价格治理逻辑 正加速落地。 政策驱动下，药品主动降价。,1.1 小分子创新药,0.5335,semantic_fallback,,
1fb33a54d2f4568b,HR+乳腺癌内分泌治疗耐药后，查查有没有PIK3CA突变——约40%患者携带，JS105三药联合III期启动!,她们中的大多数人，标准治疗就是"内分泌药 + CDK4/6 抑制剂"，很多人一吃就是一两年，病情稳稳的。 因为在 HR+ 乳腺癌里，约 40% 的患者携带这个突变，它是内分泌治疗耐药背后"最强的驱动因素之一 "。 简单说，PIK3CA 突变会让肿瘤"绕开"内分泌药的作用，自己狂长。,1.1 小分子创新药,0.5335,semantic,,
a7730cfdecb720b5,借助益生菌抵抗“癌王”！《科学》子刊：只需一些小改造就能派上用场,胰腺癌，因其发展迅速和治疗难度极大被称为"癌症之王"。 据相关研究数据统计，胰腺癌患者的5年生存率不足10%，是预后最差的恶性肿瘤之一。 胰腺癌之所以难治，核心原因之一在于胰腺肿瘤内部的免疫抑制环境，能阻止具有肿瘤杀伤作用的效应T细胞进入。,1.1 小分子创新药,0.5342,semantic,,
69f68656124fb347,Circulation顶刊发布功能性三尖瓣反流的评价新指标，提示关键干预时间点,2026年7月，顶刊《Circulation: Cardiovascular Imaging》发表了一项研究，提出了评价功能性三尖瓣反流的新指标的临床价值：右房室耦联指数（RACI，右心房与右心室舒张末期容积之比），通过RACI与全因死亡率的独立关联性，为三尖瓣反流的风险评估提供了新工具。 在三尖瓣反流的病理生理过程中，右心房与右心室同步发生改变，二者之间存在密切的相互作用，仅关注单一腔室，难以全,1.1 小分子创新药,0.5352,semantic,,
d3553df4dcd82c7a,又有一批药企被卖！“大甩卖”加速...,2026年7月28日晚间，ST海王（000078）在深交所密集发布多条重磅公告。 为应对医药行业集采常态化、传统医药流通毛利持续走低的行业现状，ST海王全资子公司河南海王集团签署多份股权转让协议，批量处置多地低效、弱盈利医药资产。 2025年以来公司持续清理低毛利医药流通资产，2026年5月合计出让四家区域子公司，包含深业医药、朋泰医药、海王天成、韶关海王。,1.1 小分子创新药,0.5363,semantic_fallback,,
a0ead6567c55d780,迈向更优生存 | 不可切除III期NSCLC综合治疗模式的进阶之路,不可切除III期非小细胞肺癌（NSCLC）治疗格局的演变，是现代肿瘤学精准化、综合化进程的缩影。 在大量临床研究的基石之上，此类患者的治疗模式经历了从单纯放疗到同步化放疗，再到免疫/靶向巩固治疗的发展，也为未来进一步探索新策略奠定了基础。 由北京整合医学学会支持的“医脉相承”学术研讨与交流项目特邀肺癌领域专家，共同梳理与讨论该领域的研究进展与未来发展。,1. 创新药,0.5368,semantic_fallback,,
ca7c46030421206f,刚刚！康方生物与安领科生物达成合作,日前， 康方生物 与 安领科生物 签署临床研究合作协议，共同推进康方生物全球首创 PD-1/VEGF 双抗新药依沃西 与安领科生物自主研发的 FGFR2b 靶向 ADC ALK201 联合疗法一线治疗局部晚期或转移性鳞状非小细胞肺癌的 II 期临床研究。 该联合用药研究的新药临床试验申请（ IND ）已于近日获得国家药品监督管理局（ NMPA ）批准。 安领科生物将全面负责推进与开展该临床研究。,1.1 小分子创新药,0.538,semantic_fallback,,
f8b17305e92ad9b4,第12批国采，65个产品报量对比,第12批国采报价信息公开大会将于明天2026年7月31日在上海市奉贤区南桥新城展园路398号进行，。 本次报价上午7:30起受理报价材料，10:30停止受理。 此次集采按厂牌报量，各厂牌报量情况近日已经正式公布，这里，将各品种厂家数量、报量最高、最低厂家，以及最高与最低金额进行对比，供参考。,其他/综合,0.5381,semantic,,
d765819cee8d77aa,母义明教授专题丨TRAb 阳性，摄碘却归零：这例甲状腺毒症是 Graves 病？,诊断恶性黑色素瘤 6 个月，程序性死亡受体 1（ PD-1）抑制剂治疗后甲状腺功能异常 20 余天。 2021 年 1 月患者诊断恶性黑色素瘤，2021 年 3 月 4 日、2021 年 4 月 20 日分别行左足底皮肤恶性肿物扩大切除术及左腘窝+左腹股沟淋巴结清扫术，术后分期为 T4bN1M0，Ⅲc 期。 2021 年 7 月起，出现心悸，测心率 100 次/分左右，律齐；伴多汗、手抖；大便次数,1.1 小分子创新药,0.539,semantic,,
baf657a09cc4b31b,自免赛道新锐靶点TL1A：机制价值、竞争格局与产业发展,在自身免疫性疾病药物研发领域， TNF 、 IL-23 、α 4 β 7 等经典靶点长期占据临床主流，但真实诊疗场景中始终存在难以突破的治疗瓶颈。 庞大的患者基数与未被满足的临床刚需，倒逼行业寻找全新的治疗靶点与干预路径。 近两年来， TL1A 靶点凭借独有的炎症、纤维化双通路调控能力，一跃成为全球自免创新赛道的核心焦点，也是资本与药企布局力度最大的新兴靶点。,1.3 细胞与基因治疗（CGT）,0.5391,semantic,,
3d247778e1a31252,ORR从33.6%骤降至15.7%！FDA逐例核查实锤「疗效注水」,在FDA细胞、组织和基因治疗咨询委员会（CTGTAC）召开前夕，FDA公布的审评简报文件给出了极具杀伤力的定调： 最新提交的生物制品许可申请（BLA）“未包含能够充分证明有效性的、设计良好且对照充分的研究” 。 这已是RP1第三次 向FDA发起上市申请 ，但 前两次均惨遭FDA“拒之门外” 。 如今，第三次“终审”即将到来。,其他/综合,0.5408,semantic,,
966569621edd859a,FDA顾问委员会力推六种灰色肽类合法化,在美国的灰色市场常常有流行一批肽类化合物，它们未获得FDA批准，仅限用于研究用途，却被宣传有组织修复、抗衰老、改善认知等效果，且在灰色市场上被商家打着 “仅限研究用途” 的幌子大规模销售。 最近， 围绕灰色市场肽类的监管博弈 即将 迎来关键节点。 加密货币与灰色市场肽。,1.1 小分子创新药,0.541,semantic,,
ae6961c48a3f74b5,五针松医药完成天使轮融资，推进超长效多肽新药开发丨产业新闻,7月28日，五针松医药宣布完成数千万元人民币天使轮融资。 该公司致力于开发新一代超长效多肽创新药。 参考资料： 五针松医药完成数千万元天使轮融资，加速打造新一代超长效多肽药物平台.From。,1.1 小分子创新药,0.5424,semantic_fallback,,
3fff3b45c5dcbf8e,赛诺菲 2026 H1：自免药王大卖 109 亿美元,7 月 30 日，赛诺菲发布 2026 年第二季度和上半年财报，Q2 净销售额为 115.97 亿欧元 （ 约 135.36 亿美元； 按照 2026 年 H1 平均汇率计算：1 欧元=1.1672 美元 ） ，同比增长 17.8%；上半年整体净销售额 为 221.06 亿欧元 （ 约 258.02 亿美元 ） ，增长 15.7% 。 Dupixent （度普利尤单抗） 是 全球最畅销的自免药物 ,其他/综合,0.5434,semantic,,
536944864f1dde37,石药集团CRB-701(SYS6002)用于口咽癌二线治疗的注册性临床试验获美国FDA批准,7月29日，石药集团（1093.HK）宣布， 本集团授权给 Corbus Pharmaceuticals，Inc. （ Corbus ）开发的 CRB-701（SYS6002) （下称：该产品）已 获美国食品药品监督管理局（ FDA ）批准，启动用于口咽鳞状细胞癌（ OPSCC ） 二线（ 2L ）治疗的注册性临床试验（试验代号： TEMPO -1 ）。 该产品是一种靶向 Nectin -4的新一,1.4 医药CXO（CRO/CDMO/CSO）,0.5438,semantic_fallback,,
787a4632ecc5e735,来自江苏！小核酸企业完成超2亿元新一轮融资,近日，中美瑞康（Ractigen Therapeutics）完成超2亿元新一轮融资。 本轮融资将主要用于 加速RAG-17（渐冻症）、RAG-01（膀胱癌）等核心管线的临床推进，推动RAG-18（杜氏肌营养不良症）及代谢领域项目进入临床IND， 并升级其全球唯一的saRNA/siRNA双模态平台与肝外递送系统。 这套机制递送效率比肩国际标杆技术，安全性更胜一筹，已通过RAG-17完成临床验证，相关,1.1 小分子创新药,0.5441,semantic,,
eaed76f5fdadb647,产业动态 | 恒瑞长效胰岛素获批，上海生物医药基金二期首关15亿元,恒瑞医药自主研发的舒地胰岛素注射液获国家药监局批准上市，面向中国成人 2 型糖尿病患者。 该产品为 1 类治疗用生物制品，候选摘要称其为中国首个自主研发的长效胰岛素类似物。 恒瑞由此切入成熟但竞争充分的基础胰岛素市场，患者和商业渠道可能获得新的国产选择，既有长效胰岛素供应商则面临新增竞争。,3.3 数字医疗/互联网医院,0.5446,semantic,,
6db7b95e265e2f48,双项权威质评获优，世和基因再交满分答卷,近日，南京江北新区生命健康办企业世和基因在国家卫健委临床检验中心（NCCL）和美国病理学家协会（CAP）组织的室间质评中取得优异成绩，进一步验证其ctDNA液体活检、RNA融合检测及全流程质量控制能力。 ctDNA是肿瘤细胞在坏死或凋亡过程中产生的游离DNA片段，携带有肿瘤突变信息，能够反映肿瘤细胞基因组特征。 CAP RNA融合检测满分。,1. 创新药,0.5462,semantic_fallback,,
4c9b528a0afc9596,美国垄断程度最高的市场，快被中国药企打穿了,7月28日，通化东宝与健友股份同时发布公告： 双方合作开发的门冬胰岛素注射液正式获得 美国FDA 上市批准 ， 包含用于静脉、皮下、预充式注射笔使用的多个剂型。 这是今年美国批准上市的第二个中国产胰岛素， 也是首个进军美国市场的中国产短效胰岛素 。 门冬胰岛素在皮下注射后10-20分钟即可起效，作用持续时间3-5小时，主要用于控制餐后血糖。,1. 创新药,0.5464,semantic_fallback,,
e8d34611a9a857fe,Angew | 钮大文组：二硫键双糖基化策略,研究进一步用于肝靶向糖肽和 HER2 靶向 affibody 放射性偶联物，为糖肽后期修饰提供了新思路。 糖链常常通过多价展示、空间排列和连接方式共同决定识别效率。 糖基化修饰在生命体系中极其重要。,1.1 小分子创新药,0.5496,semantic,,
69726fbfac72be95,里程碑｜全球首款2岁适用基因疗法！从根源干预幼儿血液病,福泰制药宣布，FDA批准其基因疗法Casgevy补充适应症拓展，适用年龄下限降至2岁及以上、伴有反复血管闭塞性危象的镰状细胞病和输血依赖型β地中海贫血患者。此次申请纳入FDA局长国家优先凭证试点项目，仅53天获批。此前，Casgevy已获孤儿药等三重资格认定。此次获批使Casgevy成为全球首个可用于低至2岁镰状细胞病患儿的基因疗法，为低龄患儿提供了针对疾病根源的治疗新选择。镰状细胞病与输血依赖型,1.2 生物药（抗体/蛋白/核酸/ADC/XDC偶联药物）,0.5517,semantic_fallback,,
c61b55926cb65d7c,史艳侠教授：深挖骨靶向药物临床价值，多学科协作守护晚期泌尿肿瘤骨健康,在晚期泌尿系统肿瘤的全程管理中，骨转移及其引发的骨相关事件（SREs）始终是威胁患者预后与生存质量的严峻挑战。 随着骨靶向治疗药物临床应用的深入，如何在骨转移发生的早期阶段精准介入、如何在长期治疗过程中平衡疗效与安全性风险，以及如何通过跨学科合作模式优化诊疗路径，已成为临床关注的核心课题。 为此，肿瘤资讯特别邀请 中山大学肿瘤防治中心史艳侠教授 就泌尿肿瘤骨转移的治疗现状、安全性管理及多学科协作模,1.1 小分子创新药,0.5522,semantic,,
1698ab1d5f11291c,九典又一重磅！中药 1.1 类椒七止痛凝胶贴膏获批，开辟中药透皮创新全新赛道,7 月 29 日，国家药监局官网显示，湖南九典制药椒七止痛凝胶贴膏获批上市。 这是国内首款按中药 1.1 类标准获批的凝胶贴膏创新药 ，专门针对膝骨关节炎寒凝血瘀证，依托现代亲水凝胶透皮技术与传统中医辨证理论结合，填补骨科外用创新中药空白，也成为九典透皮制剂管线中药板块标志性重磅品种。 这款新药研发周期长达 20 年，2006 年便拿到临床批件，受历年药品核查、法规更新影响先后两次开展完整 III,1.1 小分子创新药,0.5532,semantic_fallback,,
f39552366b6f1825,【重磅】国产首个IL-36R单抗！华海药业1类新药瑞西奇拜单抗获批,7月29日，国家药监局官网显示，华海药业（600521）控股子公司华奥泰生物的瑞西奇拜单抗注射液（研发代号：HB0034）获批上市。 该产品是国内首个自主研发的靶向抗IL-36受体（IL-36R）的人源化单克隆抗体，也是华海药业首个上市的生物药1类新药，助力集团成功进军2400亿生物药市场。 瑞西奇拜单抗注射液获批上市。,1.1 小分子创新药,0.5537,semantic_fallback,,
dec01950a64b21ea,国产高血压新药申报上市,根据该药的临床研究进度推测，本次申请的适应症为 原发性高血压 。 奥美沙坦酯是血管紧张素 II 受体拮抗剂，左氨氯地平是钙通道阻滞剂，这两款药物都属于常用的降压药。 福元医药申报的是包含奥美沙坦酯和左氨氯地平两种成分的复方制剂，主要用于治 疗单药治疗血压控制效果不佳的原发性高血压患者。,1.1 小分子创新药,0.5547,semantic,,
e8aec3719d3e1a99,士泽生物：通用型细胞新药治疗帕金森病注册临床II期全部入组完成,帕金森病是全球第二大神经退行性疾病，我国患者数量居世界首位。 士泽生物XS411细胞注射液基于iPSC技术路径，通过将体细胞重编程为诱导多能干细胞，再精准定向分化为高纯度多巴胺能神经前体细胞，经立体定向手术移植至患者脑内，旨在实现功能性神经细胞的再生与神经环路重建。 该机制有别于传统对症治疗，是从疾病源头进行干预的对因治疗策略。,1.1 小分子创新药,0.5583,semantic,,
584c5a72f05bfefa,药企密集回购，人才激励成关键落子，这波操作传递出什么新信号？,医药行业在政策优化、创新提速与市场回暖的多重驱动下稳步前行。 近期，多家上市药企密集发布股份回购计划，以实质性回购行动传递对自身价值的认可与对未来发展的坚定信心。 近日 ，浙江医药发布公告，拟以自有资金或自筹资金 1 亿至 2 亿元回购公司 A 股股份，所回购股份将全部用于员工持股计划或股权激励。,1.4 医药CXO（CRO/CDMO/CSO）,0.5583,semantic_fallback,,
c721768e150a423a,26Q2医药持仓创新低，关注板块估值修复机会,科技分流下医药持仓创新低，CXO成唯一赛道。 发布日期 2026.7.29。 核心结论：26Q2 科技主线持续分流医药资金，板块整体大幅跑输大盘；公募医药总持仓创阶段新低，资金全面单边加仓 CXO，医疗器械、耗材全赛道被集体抛售。,1.1 小分子创新药,0.5595,semantic_fallback,,
2d1fc96cf9bdc083,CGT临床头重脚轻，亟需一场“刮骨疗伤”？,氨基观察-创新药组原创出品。 7月23日，《Science》报道了一起6岁女童接受基因编辑治疗后死亡的事件，瞬间搅动全球细胞与基因治疗（CGT）行业。 轻症罕见病患儿 Mei ，作为首例脑部碱基编辑临床试验唯一受试者，在高剂量AAV载体输注7天后因血栓性微血管病离世，医院伦理委员会事后认定死亡与治疗明确相关，但这起致命不良事件被团队隐去，直至相关临床前研究顺利登顶《Nature》才由家属曝光，并引,1. 创新药,0.5595,semantic_fallback,,
c5d532d25b8defa4,事关第12批集采，国家联采办发布温馨提示,1.本次报价流程：上午7:25起，各位企业代表依次排队完成安检，至签到处进行报价材料的预检签到；7:30起受理报价材料，10:30 停止受理 。 当前正值酷暑天气，请各位企业代表注意防暑。 2.请企业务必仔细确认药品规格、内含包装数量、计价单位和企业申报价（元）信息相匹配，申报价信息一经递交后不可更改。,其他/综合,0.5599,semantic,,
5b5462b1ca521e16,口服司美格鲁肽获欧盟批准；FDA批准默沙东口服大环肽PCSK9抑制剂……,美国FDA批准默沙东的口服大环肽药物Lipfendra（enlicitide），用于降低成人高胆固醇血症患者的低密度脂蛋白胆固醇（LDL-C），使其成为首款获FDA批准的口服PCSK9抑制剂。 Wegovy口服片（司美格鲁肽）：获欧盟委员会批准用于体重管理。 诺和诺德（Novo Nordisk）宣布，欧盟委员会已批准Wegovy口服片，即每日一次的口服司美格鲁肽（semaglutide）25 mg,1.1 小分子创新药,0.56,semantic_fallback,,
6d31fe6f199d0302,1400亿缺口，激进MNC要爆买中国？,上半年总收入306.72亿美元，同比增长9%，核心EPS 5.21美元增长12%。 2030年800亿美元收入目标，被再次重申。 令人注意的是，同一天管线里两个自研分子被移除：EGFR/cMET双特异性ADC AZD9592和CLDN18.2 ADC AZD4360分别因为 PK/PD不佳、疗效不足被终止。,其他/综合,0.5601,semantic,,
0d6123ad8a8bd740,直击夏季痛风防治痛点 创新中药释放临床价值,据《中国高尿酸血症相关疾病诊疗多学科专家共识（ 2023年版）》显示， 当前， 高尿酸血症的患病率正在逐年增高，并呈现年轻化趋势，已成为仅次于糖尿病的第二大代谢性疾病。 面对 高尿酸与痛风 高发 的 现实 ，患者需要积极控制血尿酸，以防止痛风反复发作，同时减少血尿酸升高对机体带来的危害。 虎贞清风胶囊 于 2021年12月获批上市， 是 一款 在临床经验方基础上研制的 中药 1.1类创新药，具有清,1.1 小分子创新药,0.5615,semantic,,
8397196e0e3ca61c,山东绿霸股份63万股挂牌转让，底价604.1万元,本次股份转让挂牌底价为604.1万元，折合每股价格9.59元。 截至2026年7月22日，本次股权转让对应的底价评估工作已全部完成，后续将严格按照山东产权交易中心交易规则，有序开展受让方征集、交易合同签订、股权交割等全流程工作。 公开资料显示，转让方融裕金谷是山东能源集团旗下专业化创投平台，2014年于济南高新区注册设立，注册资本1亿元。,其他/综合,0.5618,semantic,,
638ee68996f74f12,大型制药企业加码 AI 布局，制药创新迈向智能化新阶段,这一变革不仅影响研发效率，也对传统生物技术公司的创新中介角色与商业模式带来深远影响。 科技巨头成为战略合作伙伴。 2026 年初，各大制药企业纷纷与 AI 领域的科技巨头建立战略合作关系。,3.3 数字医疗/互联网医院,0.5626,semantic_fallback,,
9fdd648e0abf1104,顾问委员会解禁6种多肽用于配药，待FDA决策,这意味着，这些尚未经过FDA完整审批程序的物质，可通过监管相对宽松的配药通路进入市场，引发了对使用激增和公众健康风险的担忧。 委员会于23日投票支持4种、24日支持2种多肽物质：宣称可用于溃疡性结肠炎的BPC-157、用于失眠的epitalon（被FDA科学家认为有致癌风险）、用于伤口愈合与炎症的KPV、用于胰岛素抵抗与肥胖等的MOTS-c、用于偏头痛与脑缺血等的semax，以及用于伤口愈合的TB,1.1 小分子创新药,0.5629,semantic_fallback,,
1b3ddd2062df5578,科伦博泰陷商业贿赂举报风波；GSK启动三年重组计划裁员,◍ 市场速递 政策 · 产业动态。 7/29 科伦博泰陷商业贿赂举报风波，公司回应称不属实。 7/29 康方生物与安领科生物达成临床研究合作，FGFR2b ADC联合依沃西单抗一线治疗肺鳞癌。,1.1 小分子创新药,0.5634,semantic,,
736f8b6c7c43f24e,国产抗抑郁 1 类新药 III 期临床达终点,7 月 27 日，石药集团宣布，其开发的 1 类创新药 盐酸阿姆西汀肠溶片（HA1406）治疗抑郁症患者 的 III 期临床试验（试验方案号：HA1406–007）已顺利达成预设主要有效性终点，试验结果兼具显著的统计学差异与明确的临床获益。 抑郁症是一种常见的精神障碍，以显著而持久的心境低落、兴趣减退、快感缺失为核心临床特征，是全球疾病负担的主要来源之一。 目前临床主流 SNRI 类抗抑郁药为文拉,1.1 小分子创新药,0.5639,semantic,,
293a3015e78a6c97,麦科医药MT200605完成II期临床锁库，脑梗神经“护修”疗法即将揭盲,近日，麦科医药宣布，其自主研发的急性缺血性卒中（脑梗）创新药MT200605的II期临床研究正式完成数据库锁定，即将进入揭盲与统计分析阶段。 该研究共入组360例患者，从首例入组到全部完成仅用时约5.5个月。 脑梗是全球致残率最高的疾病之一。,1.1 小分子创新药,0.5639,semantic,,
b80f1906d3bf29e7,【全品类CMO承接范围】26条API+17条制剂产线，一体化委托生产服务,全球GMP资质全覆盖。 全线覆盖中国、美国、欧盟、韩国GMP认证体系。 合规资质：NMPA、MHRA、fimea、FDA、infarmed、DIGEMID、沙特SFDA、马来西亚MCAZ、南非SAHPRA。,其他/综合,0.5643,semantic,,
535925b0c673c49e,「最新融资」必扬医药：获得近2亿元A轮融资，加速AI+分子设计平台ExCEED迭代与管线兑现,近日， 成都必扬医药科技有限公司宣布超额完成近2亿元人民币A轮融资 。 本轮由 君联资本 与上 海生物医药创新转化基金 联合领投， 康哲药业、丰雷资本、上海科创基金 与 港粤资本 跟投，老股东 源津创投 与 元生创投 持续加码。 本轮融资落地的背景，是全球AI制药市场进入规模化增长通道。,1.5 AI制药,0.5649,semantic_fallback,,
acfbaaef84c46930,地方丨山西：规范药品零售连锁企业远程审方工作,7 月 2 9 日， 山西药监局发布关于规范药品零售连锁企业远程审方工作的通知 。 通知明确， 药品零售连锁总部开展远程药事服务的，应当设置远程药事服务部，配备与其服务范围、规模数量相匹配的执业药师，原则上不少于 2名，专门负责为其下属连锁门店提供远程药事服务支持。 远程药事服务可作为零售连锁门店执业药师不在岗期间或非工作时段的补充，不得以远程药事服务取代执业药师驻店配备，不得采用人工智能自动审方,其他/综合,0.5658,semantic,,
9b3b3909afde98a3,痛风不再只盯着降尿酸！「抗炎-降尿酸双达标」新指南发布，15 条推荐一文梳理,近日，中国医师协会内分泌代谢科医师分会、中国非公立医疗机构协会内分泌糖尿病专业委员会联合发布《痛风精准抗炎临床实践指南》（以下简称 「 指南 」 ）。 即使处于临床症状缓解期，患者体内仍可能存在 MSU 晶体沉积，并持续诱导和维持慢性低水平系统性炎症。 指南围绕痛风急性发作期抗炎治疗、降尿酸治疗（ULT）启动期发作预防、痛风石长程抗炎管理，以及合并慢性肾脏病（CKD）、心血管疾病（CVD）、消化系,1.1 小分子创新药,0.5671,semantic_fallback,,
9ecec0ca9ae24609,破局下一代创新疗法：博瑞医药专题会见闻,7月22日， 首届"大国新药"全球会议（CPIC 2026） 在 上海国家会展中心开幕 。 这场由同写意主办的行业盛会，对标J.P.摩根医疗健康大会，本次大会的主论坛以 “中国效率加速全球创新” 为主题。 会议明确提出“中国创新、全球合作、上海交易”的方向，着重探讨中国研发效率如何与全球产业资源实现高效对接。,1.1 小分子创新药,0.5672,semantic_fallback,,
f4c0bd850cb7b424,「最新融资」中美瑞康：完成超2亿元融资，加速双模态小核酸平台及肝外递送系统临床落地,近日， 中美瑞康（Ractigen Therapeutics）宣布完成超2亿元新一轮融资 ，由 国中资本 领投， IDG资本、光大控股、金雨茂物、浦赢集团、苏高新金控 等机构入局，老股东 隆门资本 持续加注。 全球小核酸药物市场正迎来爆发式增长周期。 据沙利文预测，全球小核酸药物市场规模预计将从2026年的95亿美元攀升至2030年的251亿美元 。,1.1 小分子创新药,0.5677,semantic,,
8457d8584b40707d,19种高价值创新药、5款CAR-T入商保：非小细胞肺癌药物支付格局拓宽,围绕非小细胞肺癌的症状、病因、发病机制、流行病学、临床治疗方案及相关政策展开梳理。 以下为该报告关于非小细胞肺癌的特征、流行病学数据、临床治疗/诊疗方案和政策支持的深度梳理。 非小细胞肺癌疾病概述。,1.3 细胞与基因治疗（CGT）,0.5678,semantic,,
ca777d3c85ce689a,冲刺千亿营收，强生如何破解增长失衡难题？,2026 年，强生距离创立 140 周年的里程碑越来越近，这家横跨创新制药、医疗器械、视力健康多个赛道的全球医疗巨头，正迎来发展历程中的关键节点。 近期披露的第二季度财务报告，交出了一份充满矛盾感的经营答卷：整体营收超出市场预期，公司上调全年业绩目标，历史上首次年度营收突破千亿美元大关已经近在咫尺；资本市场却并未给出正向反馈，财报发布当日股价显著下行。 创新药板块持续发力，成为拉动集团增长的核心支,1.1 小分子创新药,0.5683,semantic_fallback,,
ebe6d91d77eae0f1,两款重磅1类生物药同日未获批！长效EPO、双靶眼内创新药折戟背后审评逻辑,7月28日，国家药监局发布药品通知件送达公示，这意味着包含2款1类创新生物药、1款注射仿制药、4个中成药在内的8个受理号注册申请不予批准。 覆盖长效促红素融合蛋白、双靶眼内生物药、注射剂及经典中成药多条赛道。 本次未获批名单中两款重磅1类生物药最受行业关注。,1.1 小分子创新药,0.5709,semantic_fallback,,
dd86c9dc661bc625,让罕见病基因疗法可复制！顶尖机构联手，告别“一病一药”,与传统药物研发不同，这个新成立的非营利机构并不是为了开发某一种罕见病药物，而是希望建立一套能够 持续开发遗传药物的平台 ，让针对罕见病和超罕见病的精准治疗，从过去的"个案突破"变成一种可以不断复制、不断推广的标准化流程。 目前，全球约有 3.5亿至4亿人 患有约 8000种 罕见病，其中儿童患者占很大比例。 【从"一个疾病，一种药"到"一个平台，多种疾病"】。,1.1 小分子创新药,0.5709,semantic_fallback,,
9b133888225e5b9d,产业动态 | 天智航拟收购海外骨科，米能科技获数千万元融资,天智航试图通过外延并购补齐国际骨科业务，但目前披露的是交易预案，而非完成交割。 据科创板日报候选摘要，天智航（ 688277 .SH）于 7 月 29 日披露《发行股份购买资产并募集配套资金暨关联交易预案》，拟以换股方式收购微创医疗国际的非中国骨科业务控制权，并计划于 7 月 30 日起复牌。 交易把天智航的手术机器人业务与海外骨科资产连接起来，潜在受益方包括其国际渠道及骨科产品组合；同类国产骨科,1. 创新药,0.5715,semantic_fallback,,
970fb639c430c9ea,赛诺菲公布财报：Dupixent单季大卖52亿欧元,法国制药巨头赛诺菲 7 月 30 日公布 2026 年第二季度财报。 基于上半年强劲表现，公司上调全年指引，预计 2026 年销售额按固定汇率增长约 10% 。 Dupixent创里程碑，中美市场冷热不均。,其他/综合,0.5755,semantic,,
e1a340bf1e35843f,新一批农药正式登记速递丨645个产品，涉及224种成分，含环丙氟虫胺、苯嘧草唑及硫虫酰胺等新型创制农药,2026年7月14-15日，中国农业农村部农药检定所（ICAMA）正式批准新一批农药登记，合计645个产品。 新增登记产品的农药类别分布见下图：。 涉及的杀虫、杀螨、杀菌、除草和植物生长调节的相关原药/母产品情况如下：。,其他/综合,0.5773,semantic,,
f106a48ca2ed66d1,NMPA：4个新药获批上市,摘要：202 6年0 7月29日，国家药监局批准4款新药上市，分别为 上海华奥泰生物药业股份有限公司申报的瑞西奇拜单抗注射液、 江苏恒瑞医药股份有限公司申报的舒地胰岛素注射液、 西湖制药（杭州）有限公司申报的1类创新药盐酸伊司特韦片、 湖南九典制药股份有限公司申报的中药1.1类创新药椒七止痛凝胶贴膏；。 截至2026年7月，NMPA已批准了超过20款1类创新药，主要包括：。 2026年01月批准了,1.1 小分子创新药,0.5776,semantic_fallback,,
ab87c17540ea1791,第12批国家组织药品集中带量采购温馨提示,来源： 上海阳光医药采购网。 请参与报价的企业注意时间节点和地点，预留充足的安检及签到时间， 同时 综合考虑天气交通等因素，合理做好路线和时间安排 ， 避免迟到 。 当前正值酷暑天气，请各位企业代表注意防暑。,其他/综合,0.5785,semantic,,
a6e6ba2fad209385,马杰教授专访：赛浦生物的创新之路,2026 年 5 月，赛浦生物自主研发的 3D 间充质干细胞注射液（SPSC-001）治疗缺血性脑卒中的新药临床试验申请获国家药监局药品审评中心正式受理。 与此同时，公司另一款全球首创用于过敏性鼻炎的基因修饰外泌体鼻喷制剂（Exo-001）正在加速临床前研究，计划 2027 年提交 IND 申报。 作为知名教授和博士生导师，马杰教授在学术界早已硕果累累。,1.1 小分子创新药,0.5838,semantic,,
e596f2aad906c39d,万华化学，TDI再突破,2026年7月25日消息，国家知识产权局信息显示，万华化学集团股份有限公司新获得一项发明专利授权，该专利名为“甲苯二异氰酸酯生产系统以及甲苯二异氰酸酯生产方法”，授权公告号CN121338372B，授权公告日为2026年7月24日，申请日期为2025年10月20日。 专利摘要显示，本申请公开了一种甲苯二异氰酸酯生产系统以及甲苯二异氰酸酯生产方法，其包括精馏塔、间壁塔以及用于连接精馏塔与间壁塔的管路,其他/综合,0.5845,semantic,,
aa7bac7d36e0f962,辉瑞/BioNTech针对变异毒株的新冠疫苗获批上市,辉瑞于7月29日对外宣布，该公司与BioNTech SE联合研发的新一代新冠疫苗已经获得 欧盟委员会 批准，这是一种针对XFG变异株的新冠疫苗，用于6个月及以上人群的主动免疫，以预防SARS-CoV-2引起的新冠肺炎。 此次适应性调整基于欧洲药品管理局（EMA）紧急工作组（ETF）的建议，该工作组建议将新冠疫苗更新为针对JN.1谱系的XFG变异株， 用于2026-2027季节。 ETF表示：“证据,1.2 生物药（抗体/蛋白/核酸/ADC/XDC偶联药物）,0.5873,semantic,,
05614a122e4dbb33,距撤销不足5个月：氟吡菌酰胺炭疽病登记2026年12月起废止,不再批准氟吡菌酰胺用于炭疽病的登记；自2026年12月1日起，撤销氟吡菌酰胺已登记产品在炭疽病上的登记使用范围。 仅有炭疽病登记使用范围的氟吡菌酰胺农药登记证有效期截至2028年12月31日，相关企业应在登记证有效期内完成登记变更。 经中国农药信息网查询，目前氟吡菌酰胺涉及炭疽病防治的登记证共8个，应用作物涵盖荔枝、黄瓜、桃树、芒果、豇豆、辣椒。,其他/综合,0.5886,semantic,,
6f6c8953372b82d9,17名执业药师挂证被处罚,摘要：近日，贵州、河南和山西 药监局发布了执业药师处罚通知，17名执业药师因挂证被处罚。 经核查，何峰等13人存在《执业药师注册证》挂靠行为。 依据《执业药师注册管理办法》第三十四条规定，撤销该药师《执业药师注册证》。,其他/综合,0.5888,semantic,,
8557c15b58b3714a,地方丨吉林：《吉林省药物滥用监测管理办法（征求意见稿)》,7 月 2 8 日， 吉林药监局发布《吉林省药物滥用监测管理办法（征求意见稿 )》（下称《意见稿》） 。 《 意见稿 》 明确 ，本办法适用于省药品监督管理局、省公安厅、省司法厅等部门在各自职责范围内履行药物滥用监测职责，加强系统内药物滥用监测工作管理，推进系统内相关机构履职尽责。 省卫生健康委配合省药品监督管理局，推进自愿戒毒医疗机构开展药物滥用监测工作。,其他/综合,0.5897,semantic,,
008ce8aaa37ee445,中国生物制药，成立印尼合资公司,7月27日，中国生物制药宣布与印尼上市公司PT Tempo Scan Pacific Tbk签署合资协议，共同成立PT TEMPO CTTQ BIOPHARMACEUTICAL INDONESIA（TCBI）。 根据协议，中国生物制药持有TCBI 51%股权，Tempo Scan持有49%。 合资公司将聚焦于药品注册、临床开发、医学事务、市场准入及全品类药品的商业化，并适时评估未来在印尼开展本地化,其他/综合,0.5898,semantic,,
8643d2d2338027ed,国家药监局批准四款新药上市,国家药监局附条件批准盐酸伊司特韦片上市 近日，国家药监局附条件批准西湖制药（杭州）有限公司申报的 1 类创新药盐酸伊司特韦片上市。 该药品为口服小分子新冠病毒感染治疗药物，用于治疗成人轻型、中型新型冠状病毒感染（ COVID-19 ）。 患者应在医师指导下严格按说明书用药。,1.1 小分子创新药,0.5907,semantic,,
de955650dc9fa851,联笃生物填补国产空白，肾病无创诊断方案“拿证”了！,近日，南京江北新区生命健康办园区南京大学人工智能生物医药技术研究院孵化企业联笃生物自主研发抗磷脂酶A2受体抗体IgG测定试剂盒（化学发光免疫分析法） 取得江苏省药监局颁发医疗器械注册证（苏械注准 20262401070），标志联笃生物肾病诊断管线实现合规商业化落地，为国内特发性膜性肾病临床无创筛查、疗效监测提供全新国产标准化检测方案。 原发性膜性肾病（IMN）是肾病综合征高发类型，传统确诊高度依赖,其他/综合,0.5923,semantic,,
a11947753a8ec0b2,美宜佳与蒙牛、伊利、统一、康师傅、百事、东鹏等10家品牌签约全国联采合作,美通社消息：7月28日，"不忘初心，质启新程"美宜佳29周年伙伴大会暨答谢晚宴在东莞总部举行，来自全国的厂商、加盟商等核心合作伙伴齐聚一堂、共谋发展。 会上，美宜佳正式发布新阶段升级发展规划，宣布从规模驱动转向质量驱动、高质量可持续发展的全新阶段。 据中国连锁经营协会(CCFA)《2026年中国便利店Top100》，美宜佳以40147家门店蝉联榜首，是全国门店数量排名第一的便利店品牌。,其他/综合,0.5934,semantic,,
4e8b1ecfca6d0df4,国信证券：医药行业专题报告——26Q2医药持仓创新低，关注板块估值修复机会,,1.1 小分子创新药,0.5934,semantic_fallback,,
6710f0d95a6c3760,康方生物与安领科生物达成新药临床研究合作，针对肺癌丨产业新闻,7月29日，安领科生物宣布，与康方生物签署临床研究合作协议，共同推进安领科生物自主研发的 FGFR2b靶向抗体偶联药物（ADC） ALK201与康方生物的 PD-1/VEGF双抗 依沃西单抗在 鳞状非小细胞肺癌 中的联合治疗应用。 该研究是一项多中心、开放的2期临床试验，旨在评估该靶免联合疗法用于一线治疗局部晚期或转移性肺鳞癌患者的安全性和疗效。 该联合用药研究的新药临床试验申请（IND）已于近日,1. 创新药,0.5959,semantic_fallback,,
599a0a0b6bf0500a,12批集采明日开标！5亿注射剂突遭两地“停采”,另一边，近5亿规模的蔗糖铁注射液，在短短10天内被河北、上海接连暂停采购，而全行业仅有1家企业过评。 65个品种明日开标，其中有8个专利争议品种。 7月31日，第十二批国家集采将正式开标。,其他/综合,0.5976,semantic,,
f6e9ad5d08df2fd3,必扬医药超额完成近两亿元A轮融资，AI+分子设计与优化平台ExCEED价值加速兑现,成都必扬医药科技有限公司（简称“必扬医药”）今日宣布超额完成近两亿元人民币A轮融资。 本轮融资由君联资本与上海生物医药创新转化基金联合领投，康哲药业、丰雷资本、上海科创基金与港粤资本跟投，老股东源津创投与元生创投持续加码。 本轮资金将主要用于加速公司核心AI+分子设计与优化平台（ExCEED）的技术迭代，推进重点项目管线的临床与临床前开发，并进一步完善国际化研发及商务团队建设。,1.5 AI制药,0.5989,semantic_fallback,,
c785e64b559c18c1,申报价一经递交不可更改！第12批国采明日开标,本次集采规模空前，共纳入65个品种，覆盖高血压、糖尿病、肿瘤、抗感染等多个核心治疗领域，其中不乏沙库巴曲缬沙坦等销售额超10亿元的“大品种”。 联采办今日发布温馨提示，明确了现场报价流程、材料递交规范及达肝素注射剂报价细则等关键事项。 本次集采涉及两轮报价，耗时较长，请各企业代表预留充足时间，注意防暑，并务必仔细核对药品规格与申报价，避免因低级失误错失机会。,1.1 小分子创新药,0.5997,semantic_fallback,,
bc508c0fe1b83377,从“守门人”到“引路人”，药明康德DMPK的二十载创新之路 | Bilingual,从早期的化学合成服务，到贯穿研究（R）、开发（D）和生产（M）的一体化平台。 不断发展的，是规模与能力；始终坚守的，是梦想与承诺。 本系列文章将立足药明康德一体化CRDMO平台，系统讲述公司不断深化的能力和规模体系，以平台承载信任，持续赋能客户创新，共同推动更多突破性疗法走向病患。,1. 创新药,0.6001,semantic_fallback,,
810b5fc87276d038,暴跌65%！FDA公开质疑罕见病细胞疗法有效性,7月27日，美国食品药品监督管理局（FDA）在专家咨询委员会（Advisory Committee）召开前，公布了针对杜氏肌营养不良（Duchenne Muscular Dystrophy，DMD）细胞疗法 Deramiocel 的审评文件。 资本市场瞬间给出最真实的反应。 杜氏肌营养不良（DMD）是一种由 DMD 基因突变 引起的X连锁隐性遗传病，也是儿童最常见、最严重的遗传性肌营养不良之一。,1. 创新药,0.601,semantic_fallback,,
2dd74efffad30bb0,溢价138%，华润系56亿拿下农药厂！,2026年7月29日晚间，一笔横跨医药与农化两大领域的重磅交易浮出水面。 交易完成后，华润双鹤将成为利尔化学第一大股东并取得控制权，利尔化学实际控制人由中国工程物理研究院变更为中国华润有限公司。 华润双鹤：主业承压，转型迫在眉睫。,其他/综合,0.6011,semantic,,
f0c46f345e5f730e,明日，第十二批集采开标！（附竞争格局+挂网价+报量下载）,7 月 31 日， 第十二批国家集采正 式开标 。 中选品种的采购周期自中选结果执行之日起，至 2029 年 12 月 31 日。 本轮集采 共纳入了 65 个品种 ，其中包括 8 个存在专利争议的品种。,其他/综合,0.6022,semantic,,
1846e97336bf9079,赛诺菲公布2026年第二季度财报，全球销售额实现两位数强劲增长，上调全年业绩指引,赛诺菲是一家研发驱动、AI 赋能的生物制药公司，致力于焕发生命光彩并实现强劲增长。 作为改革开放后首批进入中国的跨国企业之一，赛诺菲于1982年便在中国建立了办公室，目前拥有从研发、生产制造到商业运营的端到端价值链，包括3家生产基地和4大研发基地，业务覆盖制药和疫苗。 赛诺菲与中国同心同行，致力于将创新药品和疫苗加速引进中国，造福更多中国百姓，也为合作伙伴、社区和员工创造更美好的生活。,其他/综合,0.6033,semantic,,
03c8a78df944c4ba,【首发】中美瑞康完成超2亿元融资，加速双模态小核酸平台及肝外递送系统临床落地,专访创始人李龙承,1.1 小分子创新药,0.6033,semantic,,
30ab3e04cb23bed9,刚刚，洛索洛芬钠贴剂，九典获批！,今天早上的文章刚刚提到，九典昨天攻坚 20年的1类中药贴膏椒七止痛凝胶贴膏获批，而另一款王牌产品也已经完成审评，马上就要出结果。 果不其然，刚刚发布的今日批准件——九典制药和广东仁想药业的洛索洛芬钠贴剂同日获批。 单从受理号看，广东仁想药业拿下了首仿，九典稍慢。,1.1 小分子创新药,0.6058,semantic_fallback,,
4977d4afa73802d2,反腐新政落地3个月，公立医院还敢抢临床项目吗？,今年，业务上的进展一直很顺利： 公立医院对高质量临床项目需求狂热 ，甚至有三甲医院打破数体制沉寂，亲自下场招募 BD 团队去抢夺药企项目。 直到五一新政之后：两高发布最严反腐新规，非国家工作人员受贿罪入罪标准下调至 3 万元，药企与代表行贿行为不再能轻易切割 ——很多工作上的安排因此变成了“再等等”。 之所以如此变天，是因为国内很多公立医院对于临床试验的内部监察体系还不完备。,其他/综合,0.6058,semantic,,
c38cec5217103c86,中晖药业盐酸多西环素出口东南亚，通辽已集聚圣雪大成、昶辉生物等规上企业27家，强力霉素、土霉素产量分别占到全国的70%和80%,从原粮到原料药，身价足足翻了100多倍。 通辽地处世界黄金玉米带，玉米是当之无愧的“铁杆庄稼”。 2025年全市粮食总产量达202.1亿斤，稳居内蒙古自治区第一，在全国粮食主产区首次实现200万亩规模“吨粮田”，创造了5项东北玉米高产纪录。,其他/综合,0.6059,semantic,,
5351d6b365e2135b,采访卡乐康中国总经理雷鹏：从缓控释到多肽制剂，药用辅料如何赋能下一代药物开发?,行业对于增溶、渗透性提升、缓控释、防潮、阻氧等功能的需求不断增加，辅料企业也正从单一材料供应商，向覆盖配方、包衣、包装及技术服务的一体化解决方案提供者转变。 多肽类药物对于氧气和湿度往往更为敏感，如何保障产品在有效期内的稳定性，也为辅料、包衣和包装技术提出了更高要求。 制药在线：随着生物制药、缓控释制剂、纳米制剂等新型制剂的快速发展，对功能性药用辅料的需求激增。,1.1 小分子创新药,0.6063,semantic_fallback,,
988f40b1626160ee,【年中盘点】2026 FDA上半年血液肿瘤新药获批汇总,2026年上半年，FDA持续加速血液肿瘤创新疗法落地，多款新药及新适应证获批，覆盖多个疾病领域。 双特异性抗体、ADC、BCL-2抑制剂及细胞治疗等创新技术不断拓展治疗边界，推动血液肿瘤诊疗迈向更精准、更高效的新阶段。 在此，Htology血液前沿特别梳理了2026年上半年FDA血液肿瘤领域重要获批进展，与读者一同回顾创新成果。,1. 创新药,0.6077,semantic_fallback,,
c8c7a893162d59c8,第十二批集采开标在即：8个专利争议品种照常入场，风险企业自担,第十二批国家药品集采即将开标， 65个品种 、据行业测算近600亿的市场规模吸引行业目光。 候选名单从最初77个收窄至65个，12个品种的出局轨迹，折射出国采底层逻辑正在转变：集采评判标尺，正由单纯考量“能不能降价”，转向综合权衡“应不应该纳入”。 第十二批集采的三重边界：专利、临床、供应。,其他/综合,0.614,semantic,,
d30b9fd089a7f64b,总裁专访 | 施旺：创新的底层逻辑，是回归需求与科学,这位制药行业领军人物的此次行程传递出明确信号：中国在生物医药领域取得的成就与转型速度令人瞩目，进一步坚定了赛诺菲持续投资并深化发展的决心。 作为赛诺菲大中华区负责人，施旺对赛诺菲中国市场的发展有着清晰的认知。 “中国宏观经济环境与生物医药产业正处于关键的转型阶段。”,1. 创新药,0.6191,semantic_fallback,,
776de6d40182a439,国金证券：医药产业研究深度——口服环肽：成药性验证元年，百亿美元赛道启幕,,1.1 小分子创新药,0.6198,semantic,,
1bf05e33c3b733bd,合规审计全程可追溯难？2026 医药营销智能风控落地全解,一面是万亿级市场的数字化洪流奔涌而来——2026年中国医药电商规模预计达到1.2万亿元，线上药品销售占比将突破30%，互联网医疗用户规模已超5亿。 全球医药营销市场也在同步扩张，2025年市场规模已达311亿美元，预计2026年将达到338亿美元。 另一面却是冰冷的数据反差：77%的药企营销无法有效触达目标医生；在大力布局多渠道营销的企业中，85%仍深陷数据孤岛，仅12%实现了全渠道数据打通。,其他/综合,0.6225,semantic,,
b70212575b678751,英矽智能发布业界首个“药物研发基准评估”,以 30 余个临床前候选药物研发验证和 12 年以上模型开发经验为支撑，英矽智能为前沿 AI 与基础模型建立真实世界盲测与公开排行榜。 随着通用型和垂直领域的 AI 模型快速迭代，并不断渗透药物研发的各类任务，制药行业正面临一个关键问题： 这些 AI 模型到底是具备真实新药研发能力，还是仅仅只是擅长做题应试？ 目前，大多数公开的 AI 评估标准都存在不同程度的数据污染问题，即模型可能通过提前记忆训,1.5 AI制药,0.6246,semantic_fallback,,
f71ef2a39d8dfaca,【十二批国采】明日开标！第12批国采重要提醒，这些细节千万别踩坑,第12批国采将于7月31日开始报价。 今天，国家组织药品联合采购办公室发布了开标前的温馨提示，为大家梳理了五大核心要点，参会企业请务必仔细核对。 一、 时间地点已明确，提前规划别迟到。,其他/综合,0.6251,semantic,,
d7d467e3d030b968,中美瑞康完成超2亿元新一轮融资，推进小核酸新药研发丨产业新闻,7月29日，中美瑞康（Ractigen Therapeutics）宣布完成超2亿元人民币新一轮融资。 本轮融资由国中资本领投，IDG资本、光大控股、金雨茂物、浦赢集团、苏高新金控等机构共同投资，老股东隆门资本持续三轮加注。 中美瑞康专注于小核酸创新药研发。,其他/综合,0.6251,semantic,,
52b8ab64d4348e66,上榜《财富》500强的药企，这些年都发生了什么变化？,2023-2026年《财富》中国500强医药企业排位持续分化，直观体现国内医药产业结构性升级。 四年间，国药、上药、广药等流通龙头稳居行业头部，民营及区域流通企业稳步上行，CXO、医疗器械企业凭借稳健经营穿越行业周期。 自2025年起，百济神州、恒瑞、中国生物制药等创新药企集中登榜，其中百济神州依托全球化商业化成果实现跨越式提升，成为核心亮点。,其他/综合,0.6264,semantic,,
e547036ee67a004f,昔日20亿净利润“跳水”首亏！105家药企成绩单出炉，海思科、汉森创新高，13家扭亏,近日，A股上市公司2026年中报披露已正式拉开帷幕。 目前，医药企业已有超过100家披露业绩情况，超6成报喜。 6家净利润超过10亿元， 海思科、 华海药业、翰宇药业、汉森制药、科源制药等创新高。,其他/综合,0.6278,semantic,,
f50ce735efbff8b7,投资1.4亿，天辰齐翔新材料1.2万吨3-甲基吡啶项目,【 原料药情报局 】 获悉：近日，关于天辰齐翔新材料有限公司医药中间体项目在相关网站公示。 项目名称：天辰齐翔新材料有限公司医药中间体项目。 建设内容：项目位于齐鲁化学工业区天辰齐翔齐翔新材料有限公司厂区内，占地约6000平方米。,其他/综合,0.63,semantic,,
8b0715371424423a,国家医保局披露某医院原药剂科主任被药企拉拢腐蚀过程,7月28日，国家医疗保障局发文披露某三甲医院原药剂科主任被药企拉拢腐蚀的经过。 截至2022年，张某坚利用担任郑州大学第一附属某某医院药剂科副主任、主任，药学部副主任、主任等职务便利，为他人在新药品进入采购目录审批，办理药品转配送公司手续、医疗器械销售、药品回款等方面提供帮助， 非法收受药品、医疗器械销售商现金、购物卡等财物共计人民币2547.5万元，美元1万元。 张某坚收受的最大一笔金额来自药品,其他/综合,0.6337,semantic,,
1ef6602c33cff691,AI 自研泛 TEAD 抑制剂斩获 FDA 快速通道认定,7月29日，英矽智能宣布，其自研AI驱动的潜在同类最佳创新泛TEAD抑制剂ISM6331已获得美国食品药品监督管理局（FDA）授予的快速通道资格（FTD），用于治疗既往接受过抗PD-1抗体治疗（无论是否联合抗CTLA-4抗体治疗）及含铂化疗后疾病进展的、不可切除恶性胸膜间皮瘤成年患者。 此前，FDA于2024年6月针对同一适应症授予ISM6331孤儿药资格（ODD）；并于2023年2月授予英矽智能,1. 创新药,0.6349,semantic_fallback,,
6ec5306485b237cd,又一药企生产劣药被罚→,摘要：2026年07月29日， 湖北药监局发布了行政处罚公示， 武汉太福制药有限公司因生产销售劣药被罚 。 行政处罚决定书文号： 鄂药监鄂州处罚1号。 主要违法事实： 武汉太福制药有限公司生产、销售劣药生脉饮(党参方)(批号:240710)行为违反了《中华人民共和国药品管理法》)第九十八条第一款、第三款第(七)项的规定。,其他/综合,0.6351,semantic,,
4b9e34df569b434e,创新加速度 | 潜在FIC前列腺癌三抗TCE HLX3902（STEAP1×CD3×CD28）完成全球首例患者给药,2026年7月30日 – 复宏汉霖（2696.HK）宣布，基于公司自主创新型免疫细胞衔接器（Immune cell engager）平台开发的第二款创新T细胞衔接器（T cell engager，TCE）HLX3902（STEAP1×CD3×CD28三特异性抗体）用于转移性去势抵抗性前列腺癌（mCRPC）及其他晚期实体瘤治疗的I期临床研究(HLX3902-FIH101)于中国境内完成全球首例患者给,1.5 AI制药,0.6372,semantic,,
80dfe9a58385055c,第四批全国中成药集采中选品种供应清单公布,二次分量即将开启：全国中成药集采中选品种供应清单公布。 根据《全国中成药采购联盟集中采购文件（ZCYLM-2026-1)》和《全国中成药采购联盟集中采购文件（第二批接续）（ZCYLM-2026-2）》规定，联合采购办公室开展了相关药品集中采购工作，现公布中选品种供应清单（含中选的报价代表品和非代表品）。 附件：1.全国中成药采购联盟集中采购（ZCYLM-2026-1）中选品种供应清单。,其他/综合,0.6466,semantic,,
8fff4f70be41aaf2,「最新融资」五针松医药：完成数千万元天使轮融资，加速打造新一代超长效多肽药物平台,近日， 致力于开发新一代超长效多肽创新药的五针松医药（深圳）有限公司完成数千万元人民币天使轮融资 。 募集资金将重点用于推进核心管线TPM004的IND申报及I期临床研究，同时进一步完善PepTetris™超长效多肽平台 。 五针松医药成立于2024年12月，是深圳湾实验室重点孵化的创新企业，聚焦肥胖症、2型糖尿病、非酒精性脂肪性肝病等代谢类疾病领域 。,1.1 小分子创新药,0.6482,semantic,,
8b47c4cd4215b415,兰升生物子公司牵头苯唑草酮与环磺酮中间体技术应用，获批内蒙古科技重大专项,该项目瞄准HPPD抑制剂类除草剂关键中间体合成领域长期存在的高污染、高风险、低效率等行业共性瓶颈，以多取代苯环官能团精准构建、高危反应过程安全强化、传统高污染工艺绿色替代及千吨级产业化落地为核心攻关目标，系统开发苯唑草酮与环磺酮关键中间体绿色连续化合成关键技术。 项目落地后，将实现HPPD类除草剂原药生产过程的高选择性、低成本与规模化量产，达成产品收率与纯度双提升、三废排放量大幅削减、单位产品能耗,其他/综合,0.6505,semantic,,
01f4ca078a489ec1,7500万美元融资落地！泽萃生物完成战略升级，以干细胞平台开拓肿瘤与代谢疾病新赛道,2026年 7月29日， 上海泽萃生物正式对外披露新一轮融资消息，本轮融资总额达7500万美元 ，由多家海外专业投资机构联合出资，为公司战略转型提供充足资本支撑。 资金投向有着清晰且聚焦的规划： 全部倾斜于 肿瘤、内分泌代谢性疾病 两大核心赛道 ，重点深耕疾病底层发病机理研究，搭建个体化细胞治疗研发体系，突破临床级细胞制备、体内安全调控等核心技术瓶颈，加速多管线创新疗法从实验室动物模型验证推进至人,1. 创新药,0.6528,semantic_fallback,,
ce39fcad0ee5cd87,CPIC 2026丨同写意与BridgeBio Global达成战略合作,7 月 24 日， 首届中国新药全球会议（CPIC 2026）期间 ，中国领先生物医药创新生态平台同写意 （ TONACEA ） 与中美生物科技创新国际 BD 平台 BridgeBio Global ，正式签署战略合作协议。 这一合作的达成，标志着中美医药跨境合作从 “ 单点突破 ” 走向 “ 系统集成 ” 的范式转变。 双方将共同构筑一个端到端的中美医药价值创造平台，推动中国创新管线与美国研发、,其他/综合,0.6529,semantic,,
25e641e167737152,恒瑞、福元新药申报上市，艾伯维重磅药物斩获2项新适应症,恒瑞医药HER3 ADC申报上市。 7 月 29 日， 国家药监局药审中心（ CDE ） 官网显 示，恒瑞医药的注射用瑞康芦泽妥塔单抗（ SHR-A2009 ）上市申请获受理。 根据临床试验进展，推测 其 适应症为 EGFR 突变晚期非小细胞肺癌。,1.1 小分子创新药,0.6544,semantic,,
6444b1ddca3bd413,从关系驱动到价值驱动：2026年医药行业的生死线,如果你是医药行业从业者，2026年5月1日之后，有一件事必须重新评估：过去很多被视为“行业惯例”的动作，正在变成清晰的刑事风险。 我在给河南大学药学院校友会做年度政策分享时，连续两年都讲过同一个判断：。 中国新医改大体经历三个阶段：可及性、可支付性、价值医疗。,其他/综合,0.6557,semantic,,
1e822db525f38a5e,关于公布第12批国家组织药品集中带量采购企业相关信息的通知,现公布已通过第12批国家组织药品集中带量采购信息审核的企业相关信息，包括企业关联关系、每品种各厂牌的全国填报需求量（折算至可比规格）和同品种各厂牌全国填报需求量的平均值（详见附件）。 认定存在关联关系的企业可组成联合体申报。 附件： 第12批国家组织药品集中带量采购企业相关信息表。,其他/综合,0.658,semantic,,
c294f36b6fd317ac,企业动态 | 斯丹姆助力华熙生物含盐酸利多卡因注射用交联透明质酸凝胶获批,2026年7月29日，华熙生物科技股份有限公司（以下简称“华熙生物”）申报的“含盐酸利多卡因注射用交联透明质酸钠凝胶”成功获国家药品监督管理局批准上市！ 该产品适用于18岁以上手背部需要增加组织容量的人群，用于手背部真皮深层注射，以改善手部皮肤外观。 斯丹姆作为华熙生物的合作伙伴，为该项目提供了涵盖策略制定、试验设计、项目管理运营的全周期临床服务。,其他/综合,0.6585,semantic,,
bcbe88cdec2f0765,广东发布中药传承创新成绩单，辽宁启动制定海洋药物标准工作,7个新药、16个“岭南名方”、388个标准…… 广东中药传承创新成绩单发布。 7 月 28 日，广东省药监局召开 “ 中药传承创新发展工作成效 ” 专题 新闻 发布会。,其他/综合,0.6597,semantic,,
5c80a9a3ec606ec7,第12批药品集采：870家申报，170家有退路,它没有标题党式的字眼，叫《第12批国家组织药品集中带量采购企业相关信息表》——870行，每一行是一个申报厂牌。 第12批设了三层复活机制，其中最实在的一层是规则三（3.1.6.1）：没能入围的企业，如果本厂牌全国报量不低于同品种各厂牌报量的平均值，接受不高于锚点①×1.8的价格，仍可按价格梯度拿到30%、50%或80%的带量。 把全部870个申报厂牌逐条比对，结果是：。,其他/综合,0.6647,semantic,,
040e0d2145d86c4e,56.56亿元！溢价138%！利尔化学控制权交易落定华润双鹤,近日，利尔化学股份有限公司（简称″利尔化学″）控股股东协议转让事宜取得关键进展。 2026年7月29日，利尔化学控股股东四川久远投资控股集团有限公司及其一致行动人四川化材科技有限公司，与华润双鹤药业股份有限公司（简称"华润双鹤"）签署附生效条件的《股份转让协议》。 久远集团、化材科技仍将合计保留8.70%股权。,其他/综合,0.6654,semantic,,
d1670a65240b23be,【十二批国采】企业相关信息公布，7月31日开标在即，竞争格局正式形成！,7月28日，上海阳光采购网公布 《第12批国家组织药品集中带量采购企业相关信息的通知》 （以下简称《通知》），本次公示在 开标前确认申报企业信息 ，保障7月31日开标合规落地。 《通知》明确了此次国采已通过信息审核的企业相关信息，包括 企业关联关系、各品种各厂牌的全国填报需求量（折算至可比规格）和同品种各厂牌全国填报需求量的平均值 。 企业联合申报承诺和供应清单模块 操作时间节点： 2026年7月,其他/综合,0.6654,semantic,,
2ce317212c6b338b,采访前华海药业中央研究院执行院长陈洪：仿制药转型不是盲目创新，复杂制剂或成关键路径,制药在线：您在 Teva 、强生等全球药企工作多年，也深度参与中国药企的发展。 您认为，仿制药企业是否必须转型创新药才能生存？ 在集采常态化和一致性评价高压下，中国仿制药企业还有多大生存空间。,其他/综合,0.6674,semantic,,
929b773ac0525344,【首发】必扬医药超额完成近两亿元A轮融资，AI+分子设计与优化平台ExCEED价值加速兑现,持续推进管线和技术迭代,1.5 AI制药,0.6707,semantic,,
95ef1c4b1041c169,写在集采、国谈及基药的边上,7月末，8月初，应该是2026年最重要的时间节点， 7月31日第12批国采将报价，而国谈目前已经完成综合评审进入关键的专家测算阶段，预计10月份最迟11月，就可以知道医保目录调整后的全貌。 两大用药板块集采与国谈，集采产品前11批490个品种，第12批65个品种，不出意外的话，明天累计将有555个集采品种，供医疗机构使用；而国谈每年固定一轮，数量也将达到或超过600个。 如何落地，成为影响公立医疗,其他/综合,0.6776,semantic,,
1d705a10b2abe027,石药独家过评，普德被暂停采购！,2026年7月28日，上海阳光医药采购网公示，上海市医药集中招标采购事务管理所发布通知， 根据山西省药品监督管理局发布的《山西省药品监督管理局药品GMP符合性检查结果通告》，自2026年7月29日0时起暂停 山西普德药业有限公司生产的 蔗糖铁注射液 采购资格， 涉及规格为： 5ml:0.1g*1支/支，安瓿 。 值得一提的是， 2026年7月17日， 河北省药品器械集中采购中心发布通知， 山西普德,其他/综合,0.6778,semantic,,
2abf0837e017658c,第12批药品国采这些厂牌有复活资格！,近日，上海阳光医药采购网已发布12批国采正式标书和相关产品全国报量数据，并公示各组产品报量平均值，标黄色厂牌部分为有复活资格厂牌。 （ 因数据量较大，难免有误，仅供学习交流，不作为任何投资建议 ）。 3.1.6.1 有效申报但未入围的企业，同时满足 本厂牌全国填报需求量（折算至可比规格，下同）≥同品种各厂牌全国填报需求量的平均值 、非同品种最高顺位、接受不高于“锚点价格①×1.8”且低于最高有效申,其他/综合,0.6782,semantic,,
bda1b91000d8e7e4,第四批中成药集采中选品种，被取消中选资格,7月30日，全国中成药联采办发出公告，取消山西铭羽生物科技有限公司利肺片中选产品中选资格。 该公告显示，山西铭羽生物科技有限公司利肺片为全国中成药联采第四批中选产品。 利肺片上市许可持有人现为山西时代康华药业有限公司，该企业于2026年4月2日向国家药品监督管理局提出变更申请，于2026年6月4日经国家药品监督管理局批准变更。,其他/综合,0.6814,semantic,,
d20a3b0defae1a13,首家上市被拒，长春金赛抢首仿！,7月27日，国内首家申报褪黑素颗粒仿制药上市的企业——宿州亿帆药业，收到通知件（规格1g:2mg，包装100g/瓶/盒）。 市场具有差异 化、竞争不充分，且高难度的女性和儿童用药。 女性和儿童用药，一直是金赛最擅长的舒适区。,其他/综合,0.685,semantic,,
679cdec93b532bd1,【首发】健达九州完成数亿元人民币A轮融资，推进脑疾病的精准疗法加速上市,本轮融资将全面加速公司在神经系统精准调控领域的研发布局，助力攻克重大中枢神经系统及眼科疾病。,1. 创新药,0.6884,semantic_fallback,,
c9c826b8d00532f4,一文读懂2026年医药监管的双线布局,8月1日，《医药代表管理办法》将正式施行 。 这份由国家药监局牵头，公安部、卫健委、医保局等七部门联合印发的新规，围绕备案准入、行为边界、企业主体责任，划出了 22条明确禁令 。 在很多人看来，这只是一次针对医药代表群体的规范升级，但放在2026年全年的监管棋局中看，其并非孤立的行业规范，而是2026年医保基金监管与医疗反腐双线推进体系中，落地在一线执行端的关键一环。,其他/综合,0.69,semantic,,
33b0abf5acdc8c36,0730 II 多个品种新获批准，含生1类、化药1类和中药1类等！,2022年11月1日起， 行政相对人 可登录网上办事大厅的法定代表人空间查看电子证照，按照法人空间内相关提示自行打印。 今日（7月30日），NMPA官网发布药品批准证明文件待领取信息发布 （共计217个）， 多 个 品 规 新获批准（含中药1类、治疗用生物制品1、3.3类、预防用生物制品1.4类、化药1、2.2、3和药4类等） 。 这是国内首款三价HPV疫苗， 主要用于预防HPV 16/18/58,其他/综合,0.6906,semantic,,
7a1a2971034d68b7,辉瑞智慧医疗创新中心“端到端”的创新解决方案，推动AI嵌入诊疗全链路,,3.3 数字医疗/互联网医院,0.6914,semantic,,
4ec7cc6e83d1ae3f,中成药丸剂市场超136亿！22个独家品种上榜，天士力、达仁堂、同仁堂亮眼，22款中药新药发力,近日，中药1.1类新药柴芪固溺丸获批临床，拟用于膀胱过度活动症。 米内网数据显示，2026Q1中国三大终端六大市场中成药丸剂销售额超136亿元。 中成药丸剂市场超136亿！,其他/综合,0.6917,semantic,,
0163951bf87861eb,药典2025实施首案？湖北药监局发布最新质量公告,本次公告共涉及 4批次抽检不符合规定的药品， 分别为：法半夏（总灰分）、牡丹皮（水分）、决明子（总灰分）以及海螵蛸（性状）。 经检验，该批次牡丹皮不符合《中国药典》2025年版一部的规定，不符合项目为水分。 这是自2025年版《中国药典》正式实施以来，公开通报的较早出现的依据新版药典标准判定为抽检不符合规定的案例之一。,其他/综合,0.6922,semantic,,
5f6ee9b50caa8d43,不符合GMP、药企被两地暂停采购资格！,此前07月17日， 河北省药品器械集中采购中心发布通知， 山西普德药业蔗糖铁注射液因 存在质量问题风险，被取消挂网 中选资格，2 年内不得参与河北省药品集中采购。 根据山西省药品监督管理局发布的《山西省药品监督管理局药品GMP符合性检查结果通告》，自2026年7月29日0时起暂停部分药品采购资格，详见下表。 山西普德药业蔗糖铁注射液是 2025 年底河北省联盟（省）集采到期接续中选药品， 因中选药,其他/综合,0.6925,semantic,,
dbf43c6660086c6a,分中心与江苏大学签约落地国产药用辅料项目,近日，江苏大学“基于阴离子交换树脂（考来烯胺）的药用辅料及化工产品项目”签约仪式在南京生物医药分中心成功举办。 江苏大学产学研处副处长肖香表示 ，学校药学院长期深耕药用高分子材料、制剂辅料研发，具备扎实基础研究能力；依托南京生物医药分中心成熟的成果转化、投融资、产业对接服务体系，能够高效打通“实验室小试—工业化放大—药品注册”全流程，推动前沿科研成果快速转化为市场化产品。 根据协议约定，南京生物医,其他/综合,0.6959,semantic,,
06d8f60bca4325af,【市场】31款新药比选进院，基药、独家品种成爆款,近日，金堂县第三人民医院公告称，拟比选引进31款新药以满足临床用药需求，涉及“中化生”领域。 其中，多个国家基药、独家品种（含剂型独家，下同）在列，不乏乌灵胶囊等2025年在中国公立医疗机构终端销售额超12亿元的畅销药，以及富马酸奥赛利定注射液等2025-2026Q1销售额增速均达三位数的潜力品种。 拟比选进院的新药包含17款国家基药、14款医保甲类药和15款医保乙类药；药品类型方面，化药、中成药,其他/综合,0.6965,semantic,,
b08dbf187cc4cecb,第12批国家组织药品集采将在上海开标,7月31日，第12批国家组织药品集采将在上海开标，投标企业7时30分开始陆续入场递交报价材料。 本次集采共纳入65种药品，覆盖抗感染、抗肿瘤、抗血栓、降血糖、降血压、降血脂、风湿免疫、消炎镇痛等领域常用药品。 维护医保基金安全，人人有责！,其他/综合,0.6986,semantic,,
bf07b22e9e252325,最新！全国医械研发生产实力大排行出炉,医疗器械检验服务项目：。 注册检验、摸底测试、整改服务。 近日，国家药监局公布了截止2026年6月底各省有效期内医疗器械产品注册备案、医疗器械生产企业许可备案等信息，以下为各省境内医疗器械注册与许可汇总数据。,其他/综合,0.6991,semantic,,
c4f0415ebbddae13,药店处方新规落地，明确执业药师管理要求,7月29日，山西省药监局、医保局发布了《 关于规范药品零售连锁企业远程审方工作的通知 》，以 提升药品零售连锁率与行业集中度，切实保障公众用药安全、有效、可及。 严禁第三方互联网医院药师代替本企业执业药师审核处方。 在监管方面，各级药品监管部门要加强药品零售连锁总部、零售连锁门店的监管，综合运用现场监管和智慧监管手段提升监管质效。,其他/综合,0.7036,semantic,,
33ce61356d4cff1e,【行业动态】“连续用药管理”这个难题，“个人医保云”一键搞定,7月29日，国家医保局刊发《“连续用药管理” 这个难题，“个人医保云” 一键搞定》。 介绍了新疆 “个人医保云” 上线连续用药管理功能，归集慢病患者购药数据建立电子用药档案，实现用药趋势展示、药品信息溯源。 一、什么是“连续用药管理”。,其他/综合,0.7057,semantic,,
d4a9bf52f01a839f,药品挂网价“省际联动”落地提速，湖南再点名65个品种,2026年以来，医药价格治理工作陆续落地。 7月30日，湖南省医保局官网发布了《关于开展“四同”挂网药品价格治理工作的通知（2026年7月）》，以2026年6月7日全国挂网药品价格及湖南省7月7日挂网信息为节点，对已超过30天未主动联动调价的“四同”药品开展治理，此次共有65个药品被列入未及时调整挂网价格清单。 今年以来 湖南省医保局 已发布多轮通知 ，其中， 3月开展的首次治理即涉及943个品种,其他/综合,0.707,semantic,,
7f418d52e13fac4d,药品管理法实施条例大家谈 | 明晰临床试验申办者变更的标准化法定程序,近年来，我国医药创新产业步入高速发展、全球化扩张的爆发阶段，创新药研发管线持续扩容、跨境合作与授权交易愈发频繁，产业生态日趋成熟。 目前我国在研新药管线体量约占全球总量的30%，位居全球第二，创新药研发合作、权益交易日益频繁。 2026年1月27日，新修订的《中华人民共和国药品管理法实施条例》（以下简称《实施条例》）正式发布，5月15日起落地施行。,其他/综合,0.7109,semantic,,
0cf5ae57e967edf8,2025版药典百问百答+ICH,1、《实验室实用知识技能解析与药典百问百答（2026版）》。 本书专为新手入门与老手进阶量身定做，集“实用性”与“权威性”于一体，是你案头不可或缺的实战宝典。 内容源自国家药监局、省局及药典委官方等发布，汇集监管层认可的标准答案，助你从容应对飞检与新规落地。,其他/综合,0.7119,semantic,,
934c0aecf7e31f58,首仿折戟、改良新药被拒：医药审评的“宽松时代”已经结束,7月27日，国家药监局一则通知件送达信息，让48个药品品种同日上市受阻。 当“首仿优先”不再等于“首仿放行”，当“改良”必须拿出实打实的临床优势，医药行业正在经历一场从速度竞赛到质量博弈的深刻转型。 本次集中退审中，三款折戟首仿品种均指向同一个核心问题：复杂制剂的技术壁垒，早已不是常规仿制药工艺可以突破，单纯的申报抢跑、工艺照搬完全无法满足审评标准。,其他/综合,0.7126,semantic,,
cce7cc712dde678b,湖南“四同”药品价格治理，65个品规被点名（附名单）,7月30日，湖南省医保局发出《关于开展“四同”挂网药品价格治理工作的通知（2026年7月）》，现就开展2026年7月“四同”（指通用名、厂牌、剂型、规格均相同，全国同一个医保编码）挂网药品价格治理工作通知如下。 以2026年6月7日全国药品价格一览表及我省7月7日挂网信息为节点（即已超30天未主动联动）， 我省价格形成方式为“5”且高于其他省级平台活跃区同价格形成方式的最低价药品 （见附件）， 相,其他/综合,0.7185,semantic,,
a4822ec2958de564,13家药企注销“药品生产许可证”,摘要：2026年07月29日，福建药监局发布了 关于注销福建明龙药业有限公司等企业《药品生产许可证》的公告，共计13家药企有效期 届满 未申请 延续。 福建明龙药业有限公司 、 福建省尤溪仙锦药业有限公司 等 13 家 企业 原 《药品生产许可证》 的有效期均 已 届满 ， 上述 13 家 企业 均 未申请 延续 。 根据《中华人民共和国行政许可法》第七十条 第（一）项、《药品生产监督管理办法》第,其他/综合,0.72,semantic,,
79b1805092b6f748,【易日早知道】来了！第十二批国采今日开标，中成药四批+二批接续中选供应清单发布,MEDICAL AND PHARMACEUTICAL POLICIES。 1. 上海印发卫生健康十五五规划，锚定国际一流医学中心，多举措完善医疗健康体系至 2030 年。 2. 甘肃医保局、 国家金融监督管理总局甘肃监管局 发文，多举措扶持定制型商业医疗险，完善多层次医保并强化协同监管。,其他/综合,0.7249,semantic,,
e3774a8fa8f0ae6b,Science | 胡雅婷/黄璐琦开发鬼臼毒素类抗肿瘤药物绿色生物制造，为濒危中药资源可持续利用提供新路径,依托泊苷和替尼泊苷是临床重要的抗肿瘤药物，其中依托泊苷是小细胞肺癌一线治疗方案中的基础药物。 相关前体主要来源于小檗科鬼臼亚科植物，生长于我国喜马拉雅地区的珍稀濒危药用植物桃儿七是重要来源之一。 由于桃儿七野生资源稀缺， 人工栽培的桃儿七受种质资源不稳定 和 严苛生长条件限制，分布区域狭窄 ，依托泊苷与替尼泊苷的全球可持续供给受到严重挑战。,1.6 合成生物学,0.99,rule,,
6c5043f58ee99369,【首发】中科欣扬完成亿元级融资：继续夯实 AI+BT 合成生物平台，并向生物制造大宗产品领域拓展,,1.6 合成生物学,0.99,rule,,
96d7145557d9b48e,最新！13项医疗器械行业标准征求意见（附全文）,医疗器械检验服务项目：。 注册检验、摸底测试、整改服务。 生物相容性、产品有效期与包装、消毒灭菌测试、动物试验。,2. 医疗器械,0.99,rule,,
089292f2b283e96f,强生双特异性抗体疗法获优先审评资格；治疗白癜风，辉瑞小分子抑制剂3期临床结果积极…… | 产业新闻,强生双特异性抗体疗法获优先审评资格。 强生公司（Johnson & Johnson）今日宣布， 美国FDA已授予全人源EGFR/MET靶向双特异性抗体Rybrevant Faspro（amivantamab和hyaluronidase）皮下注射制剂的补充生物制品许可申请（sBLA）优先审评资格，该疗法拟用于治疗复发性或转移性头颈部鳞状细胞癌（HNSCC）成人患者。 如获批准，该疗法将为接受含铂化疗,1.2 生物药（抗体/蛋白/核酸/ADC/XDC偶联药物）,0.99,rule,,
db198ca8445ddf7f,MNC 超 150 亿美元重金押注 in vivo CAR-T，慢病毒递送「安全底线」如何守？,2026 年 7 月 29 日，强生以潜在 35 亿美元总额 （含 7.85 亿美元首期付款） 与 Sail Biomedicines 达成合作，共同推进 in vivo CAR-T 疗法开发，旨在通过 「免疫重置」 变革自身免疫性疾病治疗格局 。 临床验证同步加速，in vivo CAR-T 已交出亮眼答卷。 目前主流路线分为慢病毒载体与 LNP-mRNA 两大类。,1.3 细胞与基因治疗（CGT）,0.99,rule,,
ff98e24f2c63aa58,国产双靶 CAR-T 获批 II 期临床！自体、通用、in vivo 三路竞速自免「免疫重置」,此前，C-CAR168 已先后获得美国 FDA 再生医学先进疗法 （RMAT） 认定和欧盟 EMA 优先药品 （PRIME） 认定。 C-CAR168 通过同时靶向 CD20 和 BCMA，深度清除驱动疾病的 B 细胞和浆细胞， 以实现免疫系统「重置」。 该策略亦计划拓展至进展性多发性硬化症等严重自免疾病。,1.3 细胞与基因治疗（CGT）,0.99,rule,,
71a3d2dec9787414,【并购标的】仿制药最好，化药、中药、器械、合成生物等！净利润不低于2000万,优先收购：化药制剂企业、中成药企业、中药饮片企业、生物制品等各类药品企业;。 1. 盈利稳定：企业年 净利润不低于2000万元 ；。 2. 三年内分期现金收购，逐步实现100%全资控股；。,1.6 合成生物学,0.99,rule,,
ef98baa311e82b54,【APSB】丁克课题组和合作者报道全新口服共价CDK12/13抑制剂ZLC853,"近日,丁克课题组和密歇根大学团队联合报道临床前候选药物 ZLC853 ，一款强效、高选择性口服共价 CDK12/13 抑制剂。 CDK12/13 调控 DNA 损伤修复通路， 4.7%~6.9% 转移性前列腺癌存在 CDK12 突变，双靶点抑制存在合成致死效应。 现有共价抑制剂普遍口服吸收差、药代性质不佳，仅分子胶 CT7439 进入临床。",1.1 小分子创新药,0.99,rule,,
e9aca131876989f9,战略入股“华夏生物”，抢占“人源ECM”医美先机,2026年7月31日，爱美客（300896.SZ）于7月21日完成对华夏（青岛）生物科技有限公司的股权投资，持股比例为15.6438%，成为公司第二大股东。华夏生物是一家致力于生物医用材料研发、生产和应用的生物技术企业，率先在医美与骨科两大领域完成产业布局其中，针对‌面部‌抗衰（眶下凹陷）的产品，临床试验已完成全部受试者入组并进入注册阶段，预计在2026年底获批，有望成为国内首个获批的"注射型人源,4.1 医美耗材与器械（注射/光电/埋线）,0.99,rule,,
62a9e5a2d541ffdc,国产首款DORA类促眠药法赞雷生片在国内多地开出首张处方,"近日，国产首款食欲素双受体拮抗剂（DORA）类促眠药物法赞雷生片，在江苏、上海、广东、北京、浙江、山东等多地相继开出首张线下处方。 失眠是常见的睡眠障碍类型，以入睡困难、睡眠维持困难或早醒为主要特征。 相关研究显示，在中国15岁及以上人群中，睡眠质量差的加权患病率为23.9%，相当于约2.76亿人患病 1,2 。",4.8 睡眠,0.99,rule,,
51a373fef1eca336,AI制药最“魔幻”的120小时：新药获批、团队散伙、龙头转亏,7月29日，国家药监局官网显示，附条件批准西湖制药申报的1类创新药艾普司韦（盐酸伊司特韦片）上市，用于成人轻型、中型新冠病毒感染治疗。 这是一款贴着“AI”标签的药物： 药物优化用时不到一年，从IND获批到III期临床收官仅用一年，整个从源头发现到完成临床试验共计三年。 虽然顶着首款AI制 药的光环，但恰逢AI制药行业多事之秋。,1.5 AI制药,0.99,rule,,
99b199f7bce72779,迈向晚期TNBC一线治疗！科伦博泰TROP2 ADC第六项NDA获受理,"2026年7月30日，四川科伦博泰生物医药股份有限公司(下称“科伦博泰”或“公司” 6990.HK)宣布， 公司自主研发的靶向人滋养细胞表面抗原2(TROP2)的抗体偶联药物(ADC)芦康沙妥珠单抗(sac-TMT, 亦称SKB264/MK-2870) (佳泰莱 ® ) 的一项新增适应症上市申请已获中国国家药品监督管理局(NMPA)药品审评中心(CDE)受理，用于程序性细胞死亡配体1(PD-L1)",1.2 生物药（抗体/蛋白/核酸/ADC/XDC偶联药物）,0.99,rule,,
e5f4e6e5572b0a31,"2,096个创新药在研！NSCLC药物市场持续扩容，医院仍是主战场，药店占比升至27.3%",非小细胞肺癌（ NSCLC ）约占肺癌总数的 85% ，是中国发病率和死亡率最高的恶性肿瘤之一。 2025 年版国家医保药品目录新增 114 种非小细胞肺癌药品，治疗范式从化疗迈向靶向与免疫精准时代。 基于此背景，对研发端与销售端进行联动观察，有助于进一步理解非小细胞肺癌药物治疗市场的创新活力、竞争重心与长期价值。,1. 创新药,0.99,rule,,
44278c2aff64f1e3,中药1.1类创新药贴膏，九典制药获批！,该药品为中药复方外用制剂，具有温经散寒、活血止痛功效，用于膝骨关节炎寒凝血瘀证。 从首次获批临床到最终获批上市，整整走了 20年。 三次申报、两次撤回：一款中药1.1类新药的20年长跑。,1. 创新药,0.99,rule,,
82f262d341e6cbf6,两大创新药企联手布局肺鳞癌联合疗法,7月29日，上海安领科生物医药有限公司宣布，与康方生物签署临床研究合作协议，共同推进安领科生物自主研发的同类首创/同类最优FGFR2b靶向ADC ALK201与康方生物的PD-1/VEGF双抗依沃西单抗在鳞状非小细胞肺癌中的联合治疗应用。 该研究是一项多中心、开放的II期临床试验，旨在评估该靶免联合疗法用于一线治疗局部晚期或转移性肺鳞癌患者的安全性和疗效。 该联合用药研究的新药临床试验申请（IND,1. 创新药,0.99,rule,,
243a3228d48ff4d8,B7-H3 靶向 ADC 骨肉瘤 III 期临床达标,7月28日，翰森制药宣布，其研发的 B7-H3靶向抗体偶联药物（ADC） risvutatug rezetecan（HS-20093），在用于 既往接受过至少二线系统治疗后进展或复发的骨肉瘤患者 的关键性3期临床试验（ARTEMIS-011）中，达到独立评审委员会（IRC）评估的无进展生存期（PFS）主要终点。 次要临床终点（包括总生存期OS和研究者评估的PFS），亦观察到一致的获益，进一步验证了,1.2 生物药（抗体/蛋白/核酸/ADC/XDC偶联药物）,0.99,rule,,
64abe8642e80900b,「最新融资」健达九州：完成数亿元A轮融资，加速脑疾病精准神经调控疗法临床兑现,近日， 健达九州（北京）生物科技有限公司（GenAns Tech）宣布完成数亿元A轮融资 。 本轮由 太平医疗健康基金 领投，老股东 华泰紫金 旗下基金重磅追加， 高榕创投、达晨财智、中信资本、博拓生物脑机基金 等多家机构跟投， 北京市医药健康产业投资基金、凯风创投 等老股东持续加注，熙桥资本担任财务顾问。 医药魔方2026年7月发布的报告显示，2026年上半年中国医疗健康一级市场融资总额725.,2.6 神经调控与脑机接口,0.99,rule,,
4cb34a53e39c02f0,35亿美元，数据造假、频繁裁员、无临床管线，这家体内CAR-T公司被强生拿下了？,2026年7月30日，强生宣布以最高超35亿美元总对价与Sail Biomedicines达成战略合作并获独家收购选择权，同时10亿美元现金收购Firefly Bio。强生对Sail收购分初始付款、额外付款和期权行使付款。Sail Biomedicines于2023年10月由Laronde与Senda合并而成，此次合并更像危机下的自救重组。Laronde曾是明星项目，2017年孵化后凭eRNA技术,1.3 细胞与基因治疗（CGT）,0.99,rule,,
9160bd56c4690b8d,35亿美元！数据造假、频繁裁员、无临床管线，这家体内CAR-T公司被强生拿下了？,与Firefly的全款拿下不同，强生对Sail的收购操作值得细品。 若强生决定行使期权，还将额外 支付25.8亿美元 。 这笔交易的独特之处不仅在于其期权式结构，更在于 Sail Biomedicines “成分”的特殊性。,1.3 细胞与基因治疗（CGT）,0.99,rule,,
7633703f69e202b5,107亿美元！度普利尤单抗大卖,从业务板块来看， 免疫学领域为绝对增长引擎 ： Dupixent（度普利尤单抗） 上半年销售额高达93.24亿欧元 （+34.4%），其 美国市场 贡献了69.22亿欧元，增长39.5%； Kevzara 销售额3.01亿欧元，增长28.6%。 肿瘤学领域核心产品强势驱动： Sarclisa 销售额3.54亿欧元，大幅增长33.0%。 特别是在欧洲市场（增长30.1%）和世界其他地区（增长60.8,1.2 生物药（抗体/蛋白/核酸/ADC/XDC偶联药物）,0.99,rule,,
7e0c62f193907bae,华海药业IL-36R单抗华亦净获批，治疗GPP发作,No.1 / 华海药业IL-36R单抗华亦净获批，治疗GPP发作。 2026年7月30日，浙江华海药业股份有限公司（华海药业，600521.SH）宣布，旗下1类治疗用生物制品 瑞西奇拜单抗注射液（商品名：华亦净） 获得中国国家药监局（NMPA）优先审评程序批准，用于治疗成人（体重≥40kg）泛发性脓疱型银屑病发作。 瑞西奇拜单抗注射液作为 国内首个自研创新抗 IL-36R 抗体， 可通过抑制IL-,1.2 生物药（抗体/蛋白/核酸/ADC/XDC偶联药物）,0.99,rule,,
48947ad7296c180a,百时美施贵宝联手英伟达，扩展人工智能在生命科学中的应用；治疗DMD，FDA受理突破性小核酸药物上市申请……,百时美施贵宝（Bristol Myers Squibb）宣布，将部署英伟达（NVIDIA）的DGX Vera Rubin NVL72系统，以扩大专有人工智能（AI）模型的应用规模、缩短药物发现周期，并推进其协作式混合智能愿景。 在这一模式下，AI科学家将与研究人员并肩工作，共同开发潜在“first-in-class”和“best-in-class”药物。 此次投资建立在双方近3年的合作基础之上。,1.2 生物药（抗体/蛋白/核酸/ADC/XDC偶联药物）,0.99,rule,,
5138214c76415a33,刚刚！科伦博泰ADC新适应症申报上市,7月30日，国家药监局药品审评中心（CDE）官网更新的一则受理信息，为三阴性乳腺癌（TNBC）治疗领域投下了一颗重磅石子。 科伦博泰自主研发的TROP2靶向抗体药物偶联物（ADC）芦康沙妥珠单抗（sac-TMT，代号SKB264/MK-2870），正式提交了其在国内的第六项新适应症上市申请，并同步被纳入优先审评通道。 此次冲击的目标，是复发或转移性三阴性乳腺癌的一线治疗，但适用人群有着明确的“画像,1.2 生物药（抗体/蛋白/核酸/ADC/XDC偶联药物）,0.99,rule,,
5fa5c93ebec48a72,CPIC 2026丨什么决定了中国创新药BD的定价？,中国创新药BD交易的数据确实亮眼，并且“百亿大单”频繁涌现。 据动脉智库统计，2026年上半年中国创新药BD交易数量已达约240笔，占2025年全年总数的71%；交易总金额约1063亿美元，逼近2025年全年1356.55亿美元的水平。 今年上半年全球TOP 10创新药BD交易中，8起卖方来自中国。,1. 创新药,0.99,rule,,
93813cf8fa5e9f95,强生重仓体内CAR-T，布局下一代免疫与肿瘤疾病治疗技术,7月29日， 强生对外宣布与Sail Biomedicines（Sail）——一家开发用于免疫介导疾病的体内CAR-T疗法的生物技术公司——达成战略协议与合作。 强生将与Sail合作，推进其领先的免疫介导疾病项目及更广泛的平台技术，并设有激励机制，以逐步将Sail的体内CAR-T平台的应用扩展到更多治疗靶点。 强生还将对Sail进行股权投资。,1.3 细胞与基因治疗（CGT）,0.99,rule,,
72d17a35ed618990,药谷服务平台全链扫描 | 茗泽中和：经皮给药全流程CDMO平台,生物医药产业行稳致远，离不开专业服务平台筑牢创新底座、补齐产业链条。 目前，中国药谷已集聚CRO、CDMO、CMO、CSO、中试及共性技术平台等五十余家重点机构，覆盖药物研发、临床评价、中试放大、定制生产、医疗器械转化、细胞基因治疗等全链条服务，构筑起生物医药产业高质量发展的“创新引擎”矩阵。 经皮给药全流程CDMO平台。,1.4 医药CXO（CRO/CDMO/CSO）,0.99,rule,,
7645a1267262b881,术锐股份启动IPO，手术机器人“决斗”在即,手术机器人“王者”达芬奇迎来一位挑战者：7月15日，上交所网站显示， 国产手术机器人公司术锐股份科创板 IPO 进入“已问询”阶段。 术锐股份是一家以内窥镜手术机器人为主的公司，和大名鼎鼎的达芬奇机器人是同一类。 根据招股书，术锐股份的单孔机器人在中国已经完成了3500例手术，从目前公开信息，该产品完成的 手术量在国产单孔腔镜手术机器人中排名首位 。,2.5 手术机器人,0.99,rule,,
09a35b92d87aba8a,昨天刚受理！恒瑞这款“国产首个HER3 ADC”，要改写肺癌耐药患者命运？,26位全球行业领袖确认！ 多家欧美亚太创新药企加盟2026全球XDC创新峰会。 7月29日，一条消息在医药圈刷屏：恒瑞医药的「瑞康芦泽妥塔单抗」（研发代号 SHR-A2009）上市申请获国家药监局CDE正式受理。,1.2 生物药（抗体/蛋白/核酸/ADC/XDC偶联药物）,0.99,rule,,
f459c099ed4730c4,6款ADC集中获批！2026上半年全球ADC药物上市全景：双抗ADC破冰、TROP2与HER2齐头并进,如果用一个词形容2026年上半年的ADC（抗体药物偶联物）赛道，那大概是"兑现"。 镇痛药 1. 伦康依隆妥单抗（宜泽康 ® ）：全球首个双ADC破冰。 2026年6月22日，NMPA通过优先审评附条件批准百利天恒的 注射用伦康依隆妥单抗（BL-B01D1，宜泽康 ® ） 上市，用于既往经至少二线系统化疗和PD-1/PD-L1抑制剂治疗失败的复发/转移性鼻咽癌成人患者。,1.2 生物药（抗体/蛋白/核酸/ADC/XDC偶联药物）,0.99,rule,,
ea8a615d0e00af93,一款替尔泊肽，追上全国药企营收总和的七分之一,单一款药物销售额，就能追上全国上万规模药企营收总和的七分之一，礼来旗下替尔泊肽正在刷新全球医药单品的销售纪录，也给国内创新药行业敲响了赛道选择的警钟。 距离 8 月 5 日礼来 2026 年二季度财报发布仅剩数日，资本市场全部目光都聚焦在替尔泊肽两款注射制剂与新品口服 GLP-1 的市场放量表现上，机构给出的全年销售预测，已经到了足以颠覆行业认知的高度。 从 2026 年一季度业绩来看，Mounj,4.3 减重/代谢管理,0.99,rule,,
5392456bcbea972c,碧生源，输给了各种“减肥肽”,不知道从什么时候开始，晚高峰的地铁里，一半人拎着轻食盒，一半人背着健身包。 这是个体重管理被拆解得无比精细的时代。 但你很少再听到那个名字了。,4.3 减重/代谢管理,0.99,rule,,
88053bb02cb03064,专注生命支持医疗器械研发及产业化，赛腾医疗完成超2亿元A+轮融资,赛腾医疗，专注生命支持医疗器械研发及产业化，于近期完成超2亿元A+轮融资。本轮融资由多地产业基金及领域内头部创投机构联合投资，财务顾问信息未提及。赛腾医疗成立于2018年，产品涵盖重症生命支持、心胸外科手术及科研产品三大系列，多款产品已获NMPA批准上市，部分新品正在进行NMPA注册申报与欧盟CE认证。融资资金将重点用于核心技术迭代、创新产品管线研发注册、产业化升级及海内外市场布局，公司将持续深耕,2. 医疗器械,0.99,rule,,
dd337a4b00db8576,【行业动态】中国创新药出海半年超千亿美元，药企如何把握红利？,据7月13日央视财经报道，2026年上半年，我国创新药对外授权（License-out）达81笔，覆盖美、英、法等20个国家和地区，交易总额约1100亿美元，相当于2025年全年的80%，再创新高；同期，国家药监局批准38个国产1类创新药上市，其中11个为新靶点、新机制药物。 这些数据说明，中国创新药正在进入一个新阶段。 /01/国家级医药跨境交易平台。,1. 创新药,0.99,rule,,
c211b0f355b0dee9,科伦博泰重磅 ADC 新适应症申报上市,7 月 30 日，CDE 官网公示，科伦博泰 芦康沙妥珠单抗 一项新适应症上市申请获得受理，拟用于 PD-L1 综合阳性评分 （CPS） <10 或早期阶段接受过 PD-1/PD-L1 抑制剂的 复发或转移性三阴性乳腺癌的一线治疗 。 目前，该适应症已被纳入优先审评。 芦康沙妥珠单抗 (sac-TMT，亦称 SKB264/MK-2870) 是科伦博泰研发的一款靶向 TROP2 的 ADC，由人源化,1.2 生物药（抗体/蛋白/核酸/ADC/XDC偶联药物）,0.99,rule,,
868fb40dc3676d72,全球首个定制基因编辑疗法一年后：一个婴儿的重生，如何推动罕见病治疗迈入新阶段？,2025 年，一名患有超 罕见遗传病 CPS1 缺乏症（Carbamoyl Phosphate Synthetase 1 Deficiency） 的美国男婴 KJ Muldoon，接受了全球首例完全针对个人基因突变设计的基因 编辑疗法 。 这一案例不仅挽救了他的生命，也成为个体化基因治疗发展的重要里程碑。 世界首例之后，真正的挑战才刚刚开始。,1.3 细胞与基因治疗（CGT）,0.99,rule,,
e5ebcb67d9c4e955,【关注】人福冲刺1类新药，千亿市场波澜再起,7月29日，人福医药发布公告，其全资子公司湖北生物医药产业技术研究院的化药1类新药HW243040片获批临床，同意开展用于治疗周围神经病理性疼痛的临床试验。 HW243040片是一款口服的小分子新药，拟用于周围神经病理性疼痛的治疗。 该产品作为一种非阿片类镇痛药物，其作用靶点基于独特的外周免疫-神经调控机制，从机制上有望规避中枢神经系统相关副作用以及药物依赖与成瘾风险，为患者提供更具安全性的新选择,1.1 小分子创新药,0.99,rule,,
ef56f94165e50283,35亿美元！强生押注体内CAR-T疗法,近日，强生宣布与 Sail Biomedicines 达成战略合作，并获得以 25.8 亿美元 收购 Sail 的独家选择权，共同推进体内 CAR-T（in vivo CAR-T）疗法的研发，旨在通过体内重编程 T 细胞实现 B 细胞耗竭后的免疫系统重置，用于治疗自身免疫性疾病。 如果强生公司决定行使该选择权，则还将额外支付 25.8 亿美元。 通过此次合作，强生拓展了其在体内 CAR-T 疗法方,1.3 细胞与基因治疗（CGT）,0.99,rule,,
dea3b67fe5b45b7b,寻因生物 × 无尽方舟：共建 AI 虚拟细胞驱动的跨物种长寿靶点发现平台,2026年7月30日获悉，寻因生物与无尽方舟正式达成战略合作。双方将深度融合寻因生物的全单细胞创新数据能力与无尽方舟的AI虚拟细胞平台，共建AI虚拟细胞驱动的跨物种长寿靶点发现平台——以甲基化数据建模为核心锚点，共同探索跨物种长寿靶点的发现路径。本次合作中，寻因生物将依托一胞多组学技术矩阵，为无尽方舟提供覆盖表观组、转录组、蛋白组、空间组的高质量单细胞数据；无尽方舟则发挥其在AI虚拟细胞建模与跨物,1.5 AI制药,0.99,rule,,
f89a2d8a74f1c741,一日两大重磅交易！强生25.8亿选择权布局体内CAR-T，10亿美元拿下Firefly降解剂技术平台,2026年7月29日，医药巨头 强生 接连释放两大产业合作与收购动态，密集布局前沿生物医药赛道。 两笔交易分别聚焦免疫疾病细胞疗法、新型肿瘤降解剂技术，彰显了强生深耕创新药、抢占下一代治疗技术高地的战略决心。 本次强生与Sail Biomedicines达成全方位战略合作，Sail Biomedicines是全球深耕免疫介导疾病体内CAR-T疗法的新锐生物技术企业，其核心技术平台突破了传统体外CA,1.3 细胞与基因治疗（CGT）,0.99,rule,,
24606731111cee7e,又一家Newco借壳上市！融资近3亿美元，核心双抗来自中国,"9 月4-5日 CBI生物医药创新博览会 扫码报名。 7月29日，荃信生物（股票代码：2509.HK）合作伙伴Caldera Therapeutics, Inc.（以下简称“Caldera”）宣布：Caldera已与Synlogic, Inc.（以下简称“Synlogic”，场外交易市场代码：SYBX）订立最终合并协议，双方将通过全股票交易方式合并。 合并完成后，新公司将以Caldera Ther",1.2 生物药（抗体/蛋白/核酸/ADC/XDC偶联药物）,0.99,rule,,
f9cfbee452cc9257,国内一多肽创新药企完成天使轮融资,该公司致力于开发新一代超长效多肽创新药。 五针松医药聚焦肥胖症、2型糖尿病、非酒精性脂肪性肝病（NASH）等代谢类疾病领域，致力于开发新一代超长效多肽创新药，围绕代谢类疾病构建完整的研发体系。 其自主研发的 PepTetris™ 平台融合创新分子设计、半衰期延长及多靶点协同等策略，在保持药效活性和降低不良反应的同时显著延长体内暴露时间，具备高效开发每月一次甚至更长给药周期多肽药物的潜力。,1. 创新药,0.99,rule,,
2ca48f1cda6cf6aa,56.56 亿天价收购，加码合成生物只是噱头？拆解华润双鹤这笔并购真实成色,溢价138% · 产线无法协同 · 整合条款锁死3年。 草铵膦产能洪峰将至 · 56亿现金买了个内卷赛道。 ⚠ 溢价138% 🧬 产线不协同 整合锁死 产能洪峰 深度拆解 穿透结论。,1.6 合成生物学,0.99,rule,,
d244a8d6a2370d3a,爱朋医疗子公司完成收购注意力缺陷训练治疗软件，布局数字疗法领域,7月30日消息，爱朋医疗旗下子公司深圳朋睿脑科学技术有限公司完成对注意力缺陷训练治疗软件的收购。此次收购是爱朋医疗在数字疗法领域的进一步布局，旨在完善ADHD（注意缺陷多动障碍）脑健康产品体系，加速构建软硬件融合创新模式。通过此次收购，朋睿脑科学的ADHD产品布局将得到进一步丰富，并与已有的脑机相关技术形成协同效应，有助于提升公司在ADHD治疗领域的综合实力和市场竞争力，为ADHD患者提供更全面、,3.3 数字医疗/互联网医院,0.99,rule,,
fdd7371fcd23e567,华海药业首个创新药获批上市,瑞西奇拜单抗 （HB0034） 为华奥泰自主研发的 IgG1 型靶向 IL-36R 的人源化单克隆抗体，对 IL-36R 具有高亲和力，能特异性结合 IL-36R，竞争性阻断受体激动剂 (IL36α，β 和 γ) 与 IL-36R 的结合。 目前已有众多研究表明，IL-36 是导致炎症循环、皮肤炎症、脓疱形成和异常组织重构的主要细胞因子，IL-36 信号通路与包括 GPP 在内的多种自身炎症性疾病,1. 创新药,0.99,rule,,
342728a310577781,2026上半年全球ADC药物上市全景：双抗ADC破冰、TROP2与HER2齐头并进,如果用一个词形容2026年上半年的ADC（抗体药物偶联物）赛道，那大概是"兑现"。 本文按时间线梳理这波"上市潮"，并提炼背后的技术与产业趋势。 二、重点品种解读 1. 伦康依隆妥单抗（宜泽康 ® ）：全球首个双ADC破冰。,1.2 生物药（抗体/蛋白/核酸/ADC/XDC偶联药物）,0.99,rule,,
057997173ef68a96,科伦博泰陷“举报门”：一款国产ADC明星药的合规大考与千亿市值暗礁,2026 年 7 月 29 日，一封举报信将港股创新药企科伦博泰（ 06990.HK ）推上风口浪尖。 举报信直指其核心产品芦康沙妥珠单抗涉嫌通过现金回扣、虚假学术会议、基金会定向赞助等方式向医生输送利益。 然而，二级市场已用脚投票——当日科伦博泰收报 497.6 港元 / 股，下跌 2.14% ，对应总市值 1189.38 亿港元。,1.2 生物药（抗体/蛋白/核酸/ADC/XDC偶联药物）,0.99,rule,,
c5945d362b70c25d,强生达成超 35 亿美元合作，押注自免体内 CAR-T,当地时间 7 月 29 日，强生 宣布与 Sail Biomedicines 达成战略协议并开展合作， 共同推进后者用于治疗 免疫介导疾病的体内 CAR-T 项目 及相关平台技术。 与此同时，强生还获得了收购 Sail 的 独家 选择权。 体内 CAR-T 疗法是医学领域最有前景的前沿技术之一，有望为多种癌症和免疫介导疾病带来变革性治疗。,1.3 细胞与基因治疗（CGT）,0.99,rule,,
d9ead500bfe51853,高彩霞团队用AI实现植物免疫精准定制，突破天然抗病基因限制；腾讯发表Cell论文，推出全新AI框架加速虚拟细胞落地,穿越血脑屏障，GSK百亿收购的重磅药获美国FDA批准。 ROS1阳性非小细胞肺癌（NSCLC）患者在接受传统ROS1抑制剂治疗后，常面临耐药突变、耐受性差及脑转移控制不佳等挑战。 2026年7月22日，GSK宣布FDA已批准ROS1选择性抑制剂Jideytro（zidesamtinib），用于既往接受过ROS1抑制剂治疗的晚期/转移性ROS1阳性NSCLC成人患者。,1.5 AI制药,0.99,rule,,
96c35b698e2888e9,华海药业1类新药获批上市，针对这种银屑病丨产业新闻,7月29日，华海药业宣布，其控股子公司华奥泰生物自主研发的1类创新药瑞西奇拜单抗注射液获中国国家药监局（NMPA）批准上市，用于治疗 成人（体重≥40kg）泛发性脓疱型银屑病（GPP） 发作。 GPP是一种罕见且进展凶险的系统性炎症性皮肤病，发病时伴随全身红斑、脓疱及发热、关节痛、炎症指标升高等全身性症状，发作时若未能及时有效治疗，可能引发败血症和多系统器官衰竭，危及生命。 参考资料： 华海药业首,1.1 小分子创新药,0.99,rule,,
37970007fa57b0e5,清华北大博士创业天团：10家生物药企，半年融资超30亿元,从清华园实验室到未名湖畔科研楼，清华、北大作为国内生命科学与生物医药领域的两座学术高峰，正源源不断地向产业界输送硬核创业者。 细胞治疗、ADC、AI蛋白、基因测序、再生医学、核酸药物…… 一批清北硕、博校友扎根生物医药全产业链，手握自主底层技术，接连拿下数亿级大额融资，撑起国内生物医药创新的半壁江山。,1.2 生物药（抗体/蛋白/核酸/ADC/XDC偶联药物）,0.99,rule,,
17bbfaef5bcb3c01,神芯科技再获数千万融资：一颗"海南芯"如何填补脑机接口上游的"卡脖子"空白,,2.6 神经调控与脑机接口,0.99,rule,,
c89d4b8b0b6d4ca2,56 亿入主利尔化学！华润双鹤加码合成生物赛道,华润双鹤入主利尔化学。 合成生物迎来医药+农化央企协同新格局。 23.50%股權现金收购 · 10家竞标脱颖而出。,1.6 合成生物学,0.99,rule,,
45b13cd2f265d851,天智航披露并购预案：完善手术机器人全场景布局，加速出海全球化,停牌 10个工作 日后， 天智航（688277.SH）披露收购预案， 拟换股收购微创医疗国际（非中国）骨科业务 控制权， 加快公司国际化布局 。 7月29日，天智航发布公告称，公司将于7月30日起复牌，同时披露了《 发行股份购买资产并募集配套资金暨关联交易预案 》（简称：《预案》）。 换股收购微创骨科海外业务。,2.5 手术机器人,0.99,rule,,
16e42a53d5484bdb,“量价双杀：猪疫苗批签发齐跌，兽药原料弱势收官,华创证券发布研报称，上半年主流猪用疫苗批签发均同比下降，猪场必免品种降幅更大；宠物疫苗方面，狂犬疫苗5-6月转入下跌，猫三联疫苗则上半年累计同比增速仍在20%以上。 该行表示，长期建议重点关注氟苯尼考、强力霉素、泰万菌素等产品市场空间扩容以及格局重构。 今年上半年，主流猪用疫苗批签发均同比下降。,其他/综合,0.99,rule,,
2e6e6b6969e5fc84,35亿美元！强生押注in vivo CAR-T治疗自免疾病，获独家收购选择权,7月30日，强生公司宣布与Sail Biomedicines（Sail）达成战略协议并开展合作，Sail是一家开发免疫介导疾病体内CAR-T疗法的生物技术公司。 强生公司将与Sail合作，推进其领先的免疫介导疾病项目和更广泛的平台技术，并鼓励Sail的体内CAR-T平台随着时间的推移在其他治疗靶点上的应用。 强生还将对Sail进行股权投资。,1.3 细胞与基因治疗（CGT）,0.99,rule,,
0df62472deb05c34,6人公司卖了4亿美元，AI制药2.0时代，抢人就是抢船票,过去数年行业讨论的AI制药，本质上停留在1.0阶段：赛道以AI技术公司为主，从业者大多从算法、计算机切入生物医药。 而2026年席卷全球的AI制药并购浪潮，撕开了行业迭代的分界线——我们正式迈入 AI深度融合制药的2.0时代 。 与1.0时代单点工具逻辑完全不同，2.0阶段的AI不再只服务临床前局部环节，而是贯穿药物研发全链路，同时覆盖临床前干湿实验、临床方案设计、患者入组、商业化测算全流程；技术,1.5 AI制药,0.99,rule,,
21417fc0c662254d,潮起潮落，中国创新药磨砺而出,一方面是迪哲医药的6亿美元首付款大额BD交易，一方面是跌跌不休的股价，中国的创新药公司，在2026年上半年迎来了极其割裂的一幕——业绩在持续增长，二级市场的估值却极度悲观，这与2021年的市场行情完全相反。 那时候的二级市场，给了创新药公司过于乐观的估值预期，很多上市公司还没有兑现业绩，估值早已串上天，如今的二级市场， 和2021年相比，依然是不理性的，2021年是过度乐观，2026年则是过度悲观,1. 创新药,0.99,rule,,
819cb8eeb6b874bd,12家创新药公司完成新一轮融资！,根据药明康德数据库统计，截至2026年7月28日，2026年7月全球生物医药领域共计完成 121起融资活动，累计公开披露的融资总额超过32亿美元。 其中， 有12家专注于开发创新疗法的公司单轮融资额突破了5000万美元。 这些公司不仅涵盖了传统的小分子药物研发，还涉及多种新分子疗法领域。,1. 创新药,0.99,rule,,
3a166d0238e6a9bf,揭秘ADC疗效背后的隐形开关：张力教授团队解读肺癌ADC精准分层新思路,抗体药物偶联物（ADC）正在迅速改变晚期非小细胞肺癌（NSCLC）的治疗格局。 然而，在临床实践中，如何精准筛选最可能从抗体药物偶联物治疗中获益的患者，仍是亟待解决的关键问题。 ICARUS-LUNG01 是一项前瞻性、单臂II期研究，由法国古斯塔夫·鲁西癌症中心团队完成。,1.2 生物药（抗体/蛋白/核酸/ADC/XDC偶联药物）,0.99,rule,,
86b369f92d597995,百利天恒首创双抗ADC皮下剂型获批临床,2026 年 7 月 28 日，CDE 官网显示，百利天恒伦康依隆妥单抗皮下剂型 “BL-B01D1（皮下注射）” 获批临床，适应症为 局部晚期或转移性实体瘤患者 。 伦康依隆妥单抗是 百利天恒全球首创的 EGFR/HER3 双抗 ADC，有效载荷为 TOP1 抑制剂， DAR 值为 8。 今年 6 月 22 日， 伦康依隆妥单抗首次获得国家药监局批准上市 ，用于治疗既往经至少二线系统化疗和 PD,1.2 生物药（抗体/蛋白/核酸/ADC/XDC偶联药物）,0.99,rule,,
20a57a9b13ec491b,药明生物、康宁杰瑞研发专家共话双抗开发加速之路：从DNA到IND的关键决策与CMC策略,国内生物医药产业加速重塑，双特异性抗体（双抗）赛道全面迈入“价值驱动型增长”阶段。 双抗虽具备优异的临床与商业前景，但复杂的分子结构带来了极高的开发壁垒与CMC难点。 如何攻克技术瓶颈、平衡效率与质量、释放商业价值，已成为药企决胜的关键。,1.2 生物药（抗体/蛋白/核酸/ADC/XDC偶联药物）,0.99,rule,,
4e2ddcf13c392895,阳光诺和甲状旁腺治疗1类创新药获批临床,近日， 阳光诺和公告，公司全资子公司成都诺和晟泰生物科技有限公司收到国家药品监督管理局核准签发的《药物临床试验批准通知书》，在研项目STC009注射液临床试验申请获得批准。 STC009注射液为1类创新药，拟申报适应症为继发性甲状旁腺功能亢进症(SHPT)。 郑大一腐败案曝光：药学部主任受贿2500万，供出十家药企。,1. 创新药,0.99,rule,,
bfea2681377058f0,200亿，够不够做创新药？500亿呢？,传统中药巨头广药集团，这几年一直喊着要撕掉“卖凉茶”的标签，最近动真格了。 7月27日，广药白云山发布公告：旗下何济公药业控股收购一家做外用药新型透皮贴剂的企业法玛星医药的股权，斥资3.3亿元。 就在几天前，广药官宣 计划在2026年至2030年期间投入200亿元用于研发，投入300亿元用于产业投资与 并购 。,1. 创新药,0.99,rule,,
28e78acf74e8986f,恒瑞HER3 ADC冲刺上市，自免双抗启动II期临床！,此外，恒瑞的另一条管线也在 同步 推进 ——7月28日，其全球首创的IL-36R/IL-23双抗 SHR-1139 正式启动银屑病 II期临床试验。 两天内， 恒瑞医药在 肿瘤和自免两条 赛道都迎来新的突破 。 HER3 ADC：填补EGFR-TKI耐药后的治疗空白。,1.2 生物药（抗体/蛋白/核酸/ADC/XDC偶联药物）,0.99,rule,,
ef2de4dfd9ec5e3a,18天，两种癌症III期达终点，翰森制药这款ADC杀疯了,这是 HS-20093 继小细胞肺癌之后，取得的第二项III期临床成功。 18天前 （7月10日） ， HS-20093 在经含铂治疗后进展或复发的小细胞肺癌患者中开展的ARTEMIS-008研究，达到了总生存期（OS）主要终点——当时它已经是全球首个在小细胞肺癌III期临床中达到OS终点的ADC药物。 ARTEMIS-011研究中，与化疗相比， HS-20093 在IRC评估的PFS方面显示出具,1.2 生物药（抗体/蛋白/核酸/ADC/XDC偶联药物）,0.99,rule,,
ac1e42a769b107b1,「最新融资」视通医疗：完成A轮融资，系自然腔道柔性手术机器人公司,近日， 苏州视通医疗科技有限公司完成A+轮融资 ，由 创谷资本 领投，资金将全部用于多科室柔性手术机器人临床推进、注册申报与商业化布局 。 视通医疗成立于2022年5月，是一家专注于自然腔道柔性手术机器人全产业链研发的企业 。 全球手术机器人市场正处于高速扩张阶段。,2.5 手术机器人,0.99,rule,,
67cac74f15afcb3c,「最新融资」中科欣扬：完成新一轮投资，赋能合成生物学产业化落地,近日， 海愿资本完成对国内合成生物学企业深圳中科欣扬生物科技有限公司的千万级投资 。 本轮融资将重点用于公司核心产品管线的研发迭代、新领域产品拓展及全球市场渠道建设 。 全球合成生物学市场正处于高速扩张期。,1.6 合成生物学,0.99,rule,,
aebc0f1d286c1b7d,「最新融资」生强科技：完成C轮融资，巩固其在数字病理赛道的领先地位,近日， 数字智慧病理一体化解决方案提供商深圳市生强科技有限公司宣布完成C轮融资 ，本轮由 深圳中小担创投 与 招商局资本（服务贸易创新发展引导基金二期） 联合投资 。 全球数字病理与AI病理市场正处于高速增长通道。 据The Business Research Company发布的报告，全球AI病理市场规模将从2025年的13.8亿美元增长至2026年的15.7亿美元，年复合增长率13.4%，预计,2.4 医学影像,0.99,rule,,
690d0977363bb7c0,深度 | 1100亿美元对外授权交易、16款创新药首进基药目录……创新药下一个十年的“决策中枢”为何指向博鳌？,2026 年 7 月，中国创新药行业迎来历史性双响炮：。 政策破冰： 时隔八年新版基药目录落地，16款创新药首次批量纳入，国家卫健委明确表态“为今后更多创新药进入探索路径”；。 出海井喷： 2026年1-6月，中国创新药对外授权交易总额约1100亿美元，约为2024年全年的2倍，全球TOP10交易中中国企业占据8席。,1. 创新药,0.99,rule,,
01efcd3f702d302e,上海玮美基因自主研发基因治疗药物，获FDA孤儿药资格认定,上海玮美基因科技有限责任公司（以下简称"玮美基因"）基于 自主 研发的创新耳科载体 AAV-WM04开发的基因治疗药物E A0 010注射液， 已 成功 获得美国食品药品监督管理局（ FDA）授予的孤儿药资格认定（ODD） ，用于治疗 OTOF 遗传性耳聋 。 该认定标志着玮美基因在遗传性耳聋基因治疗领域的创新实力获得国际权威监管机构认可，为公司产品未来 的国际化布局 奠定了重要基础。 EA001,1.3 细胞与基因治疗（CGT）,0.99,rule,,
5a5159b2b9928c16,NewCo！获荃信生物授权，IL-23p19/TL1A双抗再获2.78亿美元融资,7月29日，马萨诸塞州剑桥，Synlogic（OTC：SYBX）和Caldera Therapeutics宣布已达成最终合并协议，以全股票交易合并。 合并将通过两家公司成为新成立的控股公司的全资子公司来实现。 交割后，合并后的公司计划以Caldera Therapeutics的名义运营，并打算申请在纳斯达克资本市场交易，股票代码为“CALD”。,1.2 生物药（抗体/蛋白/核酸/ADC/XDC偶联药物）,0.99,rule,,
8ab88edcdb4355fa,诺华15亿美元押注下一代ADC,其中 11亿美元是现金首付款 ，最高4亿美元是潜在里程碑付款。 一家还没有进入人体试验的ADC公司，凭什么拿到11亿美元的首付款。 Myricx重点推进的两条管线分别靶向B7-H3和HER2，这两个靶点在ADC领域已经相当拥挤。,1.2 生物药（抗体/蛋白/核酸/ADC/XDC偶联药物）,0.99,rule,,
a501e5bf6c97395d,两款国产 1 类创新药上市被拒,刚刚，再爆 “ 冷门 ” ， 2 款1类创新药上市被拒，出现在 “ 药品通知件里 ” 。 2026 年 7 月 28 日，据 NMPA 官网最新公示的 “ 药品通知件送达信息 ” 中，共有 7 款药品，涉及多家知名药企。 值得一提的是，其中 2 款创新药“身影” —— 四川泸州步长生物制药有限公司申报的注射用艾帕依泊汀 α 、荣昌生物制药（烟台）股份有限公司申报的伊立芙普 α 眼内注射液 ，代价不,1. 创新药,0.99,rule,,
437687a3f62f30d2,我国重组胶原蛋白医疗器械产业发展现状、瓶颈与创新趋势,胶原蛋白是人体结缔组织的关键结构蛋白，凭借良好的生物相容性、可降解性，以及极低的免疫排斥风险，长期以来都是生物医用材料领域的核心原料。 早期行业普遍使用动物源胶原蛋白，始终无法规避病毒残留、批次质量波动、纯度不稳定等现实问题，极大限制了医疗器械产品的安全性与标准化发展。 随着基因工程技术不断突破，重组胶原蛋白实现产业化落地，从根源上解决了传统原料的行业短板，也让胶原蛋白医疗器械的应用场景，从基础的,2. 医疗器械,0.99,rule,,
271cdd524c41c62f,AI “出品”！1类新冠创新药，西湖制药盐酸伊司特韦片附条件获批,7 月 29 日，国家药监局官网显示，附条件批准西湖制药（杭州）申报 1 类创新药盐酸伊司特韦片上市，用于成人轻型、中型新冠病毒感染治疗， 这是西湖大学成果转化平台西湖制药首款实现商业化的自主原创新药，依托 AI+DEL 高通量筛选技术快速完成研发转化 ，进一步丰富国内口服抗新冠小分子药物供给矩阵。 本品为口服抗病毒小分子新药，由西湖大学于洪涛教授团队牵头研发，企业独创 WAND 人工智能药物研发,1. 创新药,0.99,rule,,
b0cb5660b6e557bd,创新药械丨国家药监局批准四款创新药上市,近日，国家药品监督管理局批准湖南九典制药股份有限公司申报的中药1.1类创新药椒七止痛凝胶贴膏、江苏恒瑞医药股份有限公司申报的舒地胰岛素注射液（商品名：瑞恒盈）上市，附条件批准西湖制药（杭州）有限公司申报的1类创新药盐酸伊司特韦片上市，通过优先审评审批程序批准上海华奥泰生物药业股份有限公司申报的瑞西奇拜单抗注射液（商品名：华亦净）上市。 椒七止痛凝胶贴膏为中药复方外用制剂，具有温经散寒、活血止痛功效,1. 创新药,0.99,rule,,
78f43dfc394efa6b,中国—东盟区域医药交易（集采）平台推动国产手术机器人在越南进入临床使用,近期，中国 —东盟区域医药交易（集采）平台（以下简称“平台”） 助力 国产手术机器人完成越南产品注册并取得上市许可，在越南部分头部医疗机构完成安装并投入临床应用，实现了国产大型医用设备在越南从产品注册到临床应用的重要突破 。 同时，还将推动中越双方就 机器人手术技术培训、临床应用推广、学术交流、人才培养等方面开展深度合作。 平台 是国家医保局指导广西建设的首个跨境医药交易平台 ，通过搭建线上采购与,2.5 手术机器人,0.99,rule,,
b31b5dd5bcc50800,刚刚！恒瑞医药1类新药获批上市,7月29日，国家药监局官网显示，恒瑞医药开发的1类新药舒地胰岛素注射液（商品名：瑞恒盈）获批上市，为国内获批的首款国产三代长效胰岛素新药，为2型糖尿病患者提供新的治疗选择。 舒地胰岛素注射液是一款长效胰岛素类似物，基于desB30人胰岛素设计并对其B29位赖氨酸进行侧链修饰而成，用于治疗成人2型糖尿病，以改善患者血糖控制。 据悉，该药具备起效平稳、药效维持时间长和产生夜间性低血糖风险低等优点。,1.1 小分子创新药,0.99,rule,,
824abb966f28cf14,循证争议中锚定真正获益的人群，TAVR脑保护装置的破局之路,2026年6月，全球临床研究平台ClinicalTrials显示， 瑞诵医疗 完成其自主研发的 CHORDS®合声®抗栓塞脑保护装置 DUET Trial的登记，与已上市产品开展RCT头对头确证性临床研究。 然而，2022年波士顿科学的PROTECTED TAVR研究与2025年BHF PROTECT-TAVI研究 相继试图证实CEP应在TAVR全人群中常规使用而未果 。 瑞诵这一国产创新器械在此,2.1 心血管介入,0.99,rule,,
eaac76144c1aaea0,【药渡每周渡选-创新药篇】齐鲁制药与同源康达成27.6亿元合作；恒瑞瑞普泊肽III期降糖数据优异……,全球生物医药行业动态。 临床数据密集发布，恒瑞医药瑞普泊肽III期HRS9531-302治疗二型糖尿病36周后HbA1c降幅达2.67%，2mg和4mg剂量组HbA1c<7%达标率分别为87.7%和94.5%；瑞博生物Vortosiran IIa期高剂量组FXI活性平均最大降幅达92%且安全性良好；礼来瑞他鲁肽III期TRIUMPH-2和TRIUMPH-3数据亮眼，最高平均减重22.6%；强生特立,1. 创新药,0.99,rule,,
48e2cd7e2f3c2156,直面失眠困扰 中国自研睡眠药百乐眠®法赞雷生片阿里健康首发,7月27日，扬子江药业集团自主研发的1类创新药百乐眠 ® 法赞雷生片首发上线阿里健康，作为国内首款由本土企业自主研发的DORA类（双重食欲素受体拮抗剂）睡眠药，法赞雷生的问世标志着中国失眠治疗领域正式迎来了具有自主知识产权的创新药物，为长期受失眠困扰的患者提供了一种新的治疗选择。 此前，该药已在阿里健康开启预约通道并积累了大量用户咨询，首发后将依托平台供应链能力快速满足用户需求。 也正因如此，DO,4.8 睡眠,0.99,rule,,
93937e499fcc8c5a,H药·专家说 | 循证闭环再升级！ASTRUM-005R 大样本真实世界研究，解锁斯鲁利单抗 ES-SCLC 全程管理新方案,近日，由 湖南省肿瘤医院邬麟教授 和 中南大学湘雅医院胡成平教授 共同牵头开展的ASTRUM-005R研究最终成果正式发表于国际重要学术期刊BMC Medicine（影响因子：8.7） 。 ASTRUM-005R研究正式发表于BMC Medicine。 《中国医学论坛报》特邀湖南省肿瘤医院邬麟教授，围绕ASTRUM-005R研究背景、核心成果及临床价值展开深入解读。,1.2 生物药（抗体/蛋白/核酸/ADC/XDC偶联药物）,0.99,rule,,
750305d260140395,MM学院 | Blood Cancer Journal前沿——达雷妥尤单抗联合伊沙佐米、来那度胺±地塞米松（Dara-IRd）用于NDMM：2期研究结果深度解析,近年来，含抗CD38单抗的四药联合方案已成为初治多发性骨髓瘤（NDMM）领域的重要发展方向，但绝大多数四药方案研究均以自体移植（ASCT）为治疗核心，且缺乏固定疗程与激素早期减停的探索数据。 梅奥诊所Shaji Kumar教授团队在Blood Cancer Journal发表了一项2期研究，评估达雷妥尤单抗、伊沙佐米、来那度胺联合/不联合地塞米松（Dara-IRd）用于不区分移植资格的初治MM患者,1.2 生物药（抗体/蛋白/核酸/ADC/XDC偶联药物）,0.99,rule,,
b274b3b8c82f5fec,刚刚！华海药业首个创新药获批上市,7 月 29 日，NMPA 官网显示，华海药业子公司华奥泰生物 抗 IL-36R 单抗 「 瑞西奇拜单抗 」 通过优先审评审批程序 在国内获批上市， 用于治疗成人 (体重≥40kg) 泛发性脓疱型银屑病发作。 瑞西奇拜单抗 （HB0034） 为华奥泰自主研发的 IgG1 型靶向 IL-36R 的人源化单克隆抗体，对 IL-36R 具有高亲和力，能特异性结合 IL-36R，竞争性阻断受体激动剂 (I,1. 创新药,0.99,rule,,
823bd9686a7625d6,减肥药狂销365亿美元！礼来跃升全球第三药企力压默沙东,一款减肥降糖药，直接改写全球药企座次排名。 2026《财富》世界 500 强榜单新鲜出炉，医药赛道迎来近年最大洗牌，礼来依靠 GLP-1 双靶点明星药物替尔泊肽实现业绩与榜单名次双重狂飙，一举超越默沙东跻身全球制药企业前三，减肥药赛道的商业红利彻底兑现，也带动整条 GLP-1 创新管线进入白热化比拼阶段。 7 月 28 日，2026 年度《财富》世界 500 强完整名单正式对外披露，制药板块共有 ,4.3 减重/代谢管理,0.99,rule,,
bbab9aabf3e3e966,速递｜时安生物SA030国内IND获批，国产脂肪靶向siRNA迈入同步临床时代,当下 GLP-1 类减重药物虽热度居高不下，但普遍存在肌肉流失、停药反弹、频繁注射等短板，临床迫切需要全新作用机制的长效减重方案。 2026 年 7 月 24 日，苏州时安生物技术有限公司对外发布公告，靶向 ALK7 的 siRNA 候选药物 SA030 注射液正式获得国内临床试验许可。 该药物核心适应症锁定肥胖，同时覆盖肥胖诱发的各类心血管代谢并发症，也是国内少数实现海外临床先行、国内同步申报的,1.2 生物药（抗体/蛋白/核酸/ADC/XDC偶联药物）,0.99,rule,,
0f4dea47341d1d68,全球首款床体一体化手术机器人落地！强生OTTAVA获FDA De Novo上市许可,当地时间 2026年7月22日，强生医疗科技（Johnson & Johnson MedTech）官方发布公告，旗下 OTTAVA™手术机器人系统 正式获得美国 FDA De Novo 全新品类上市授权，这也是全球首款 机械臂一体化集成手术床 的软组织手术机器人平台，标志着强生正式切入由直觉外科长期垄断的微创机器人手术赛道 。 本次审批采用 De Novo 特殊通道 ，仅适用于市场无同类成熟产品、,2.5 手术机器人,0.99,rule,,
844ee14d37e411a3,康方生物依沃西联合安领科生物FGFR2b靶向ADC开展一线治疗sq-NSCLC的II 期临床研究,日前， 康方生物（09926.HK）与上海安领科生物医药有限公司（安领科生物）签署临床研究合作协议， 共同推进 康方生物全球首创 PD-1/VEGF双抗新药依沃西与 安领科生物自主研发的 FGFR2b靶向ADC ALK201联合疗法一线治疗局部晚期或转移性鳞状非小细胞肺癌的II期临床研究。 该联合用药研究的新药临床试验申请（IND）已于近日获得国家药品监督管理局（NMPA）批准 。 安领科生物将全,1.2 生物药（抗体/蛋白/核酸/ADC/XDC偶联药物）,0.99,rule,,
aebb0f5f631e35b2,重磅进展! 默沙东启动PD-1/VEGF双抗MK-2010全球Ⅱ期新临床,据默沙东瑞士官网信息显示， 从礼新医药引进的 PD -1/VEGF双抗 MK-2010/LM-299全球研发出现新进展， 新增了两项Ⅱ期临床研究登记 ，分别为MK-2010-002和MK-2010-003，均处于“Study in start-up”阶段。 MK-2010-002 ： 旨在评估MK-2010单药及联合治疗方案的安全性和有效性， 研究中心位于 瑞士St. Gallen和Lausann,1.2 生物药（抗体/蛋白/核酸/ADC/XDC偶联药物）,0.99,rule,,
a607e358194b8c9b,西比曼生物：双靶点CAR-T获FDA批准II期临床,宣布， 其新型自体靶向CD20和BCMA CAR-T候选产品C-CAR168治疗标准疗法无效的狼疮肾炎（LN）患者的多中心注册性II期临床试验，已获得美国食品药品监督管理局（FDA）批准。 该临床试验将进一步评估C-CAR168在此类存在重大未满足医疗需求患者群体中的安全性和有效性。 C-CAR168是一种新型自体双特异性CAR-T疗法，同时靶向CD20和BCMA。,1.3 细胞与基因治疗（CGT）,0.99,rule,,
75682a0614edb5da,【瞩目】信立泰1类新药出击，190亿市场再添新军,根据药物临床试验登记与信息公示平台（CTR）最新消息，信立泰化药1类新药SAL0145注射液启动了Ⅰ/Ⅱ期临床试验，拟用于代谢相关脂肪性肝炎（MASH）。 米内网数据显示，2025年中国三大终端六大市场胆、肝疾病治疗化药销售额超190亿元，2026Q1同比增长3.27%。 米内网数据显示 ，该新药于2026年3月首次获批临床，并于同年4月进入Ⅰ期临床，是公司首款获批开展临床试验的小核酸药物，具有积,1.1 小分子创新药,0.99,rule,,
23db9adf57d5663c,国产首报上市HER3 ADC！恒瑞瑞康芦泽妥塔单抗上市申请获CDE受理,2026年 7月29日，国家药监局药品审评中心（CDE）公示， 恒瑞医药瑞康芦泽妥塔单抗（ruzaltatug rezetecan，SHR-A2009）上市申请正式获得受理 ，市场推测申报适应症为EGFR突变晚期非小细胞肺癌。 这是国内首款提交上市申请的HER3靶点ADC，标志着我国本土 HER3 ADC 研发实现里程碑式突破，国产 ADC 赛道再添重磅候选产品。 HER3 属于 EGFR 家族关,1.2 生物药（抗体/蛋白/核酸/ADC/XDC偶联药物）,0.99,rule,,
036901082e27e90b,国产首个！恒瑞医药ADC申报上市,7月29日，CDE官网显示，恒瑞医药（600276.SH）的瑞康芦泽妥塔单抗（ruzaltatug rezetecan，SHR-A2009）上市申请已获受理。 作为首个申报上市的国产HER3 ADC，SHR-A2009的上市申请受理标志着国产HER3靶向ADC药物正式进入商业化冲刺阶段。 HER3：一个让巨头屡屡碰壁的“硬骨头”靶点。,1.2 生物药（抗体/蛋白/核酸/ADC/XDC偶联药物）,0.99,rule,,
d52103d84b65a8be,盈利能力超百亿美元！顶尖团队突破技术壁垒，AI创新药再次掀起全新浪潮，多家药企纷纷引用！,小分子结合蛋白的从头设计长期是蛋白质设计领域最难啃的问题之一。 与蛋白-蛋白或蛋白-肽相互作用相比，小分子配体不仅化学类型更复杂，还要求蛋白序列、三维骨架和配体构象三者同时匹配；传统计算方法往往先把配体放进预设骨架，再进行序列设计，容易卡在局部构象或依赖大规模实验筛选。 该方法在 exatecan 和 apixaban 两种化学性质不同的小分子药物上分别取得 100% 和 83% 的实验命中率，最,1. 创新药,0.99,rule,,
e36a64a260bebadd,报产在即，翰森制药重磅1类新药III期临床大捷,2 02 6年 7月 28 日，翰森制药官方宣布 ，其 自研 B7-H3 靶向抗体-药物偶联物（ADC）HS-20093，在用于既往接受过至少二线系统治疗后进展或复发的骨肉瘤患者的关键性Ⅲ期临床试验（ARTEMIS-011）中，达到独立评审委员会（IRC）评估的无进展生存期（PFS）主要终点 。 据公开资料显示， HS-20093 是翰森制药自主研发的一款靶向 B7-H3 的抗体偶联药物（ADC）,1.1 小分子创新药,0.99,rule,,
ae3607c9d7222098,翰森制药ADC新药肿瘤新适应症拟申报上市丨产业新闻,7月28日，翰森制药宣布，其研发的 B7-H3靶向抗体偶联药物（ADC） risvutatug rezetecan（HS-20093），在用于 既往接受过至少二线系统治疗后进展或复发的骨肉瘤患者 的关键性3期临床试验（ARTEMIS-011）中，达到独立评审委员会（IRC）评估的无进展生存期（PFS）主要终点。 次要临床终点（包括总生存期OS和研究者评估的PFS），亦观察到一致的获益，进一步验证了,1.2 生物药（抗体/蛋白/核酸/ADC/XDC偶联药物）,0.99,rule,,
448cbbb96332a94f,小核酸药物非临床评价与药理毒理策略,小核酸药物非临床评价与药理毒理策略培训班。 8月29-30日直播。 从2018年全球首款siRNA药物patisiran获批至今，短短数年间已有十余款小核酸药物成功上市，适应证从罕见遗传病逐步拓展至代谢性疾病、眼科疾病乃至神经系统疾病。,1.2 生物药（抗体/蛋白/核酸/ADC/XDC偶联药物）,0.99,rule,,
3bbd48cd2d9f65f8,知名眼科医院门庭冷落 股东称“持续亏损致所有者权益为负”,近日，有网友晒出成都中医大银海眼科医院术后服务群的暂停开诊通知。 另外，也有网友晒出贴在该医院门口的限期搬离公告。 太极集团2025年年报显示，成都中医大银海眼科医院系太极集团投资的联营企业，投资成本为5399万元，2025年年末账面价值为0元。,3.1 专科医院/连锁诊所,0.99,rule,,
5e1307ddfe210259,再迎里程碑！翰森B7-H3 ADC第二项III期研究顺利达成主要终点,9 月4-5日 CBI生物医药创新博览会 扫码报名。 本文仅作医疗健康相关药物介绍，非治疗方案推荐（若涉及）;本文不构成任何投资建议。 7月28日，翰森制药宣布Risvutatug Rezetecan（HS-20093）治疗骨肉瘤的III期ARTEMIS-011研究达到了无进展生存期（PFS）主要终点。,1.2 生物药（抗体/蛋白/核酸/ADC/XDC偶联药物）,0.99,rule,,
d3786b56e7ac102c,科伦博泰首个双载荷ADC获批临床,近日，科伦博泰宣布其双载荷ADC药物 SKB565 的新药临床试验（IND）申请已获国家药品监督管理局（NMPA）药品审评中心（CDE）批准，拟用于治疗 晚期实体瘤 。 这是科伦博泰 首个进入临床阶段的双载荷ADC 。 据公司披露，SKB565在临床前研究中展现出优异的抗肿瘤活性和良好的安全性。,1.2 生物药（抗体/蛋白/核酸/ADC/XDC偶联药物）,0.99,rule,,
796ea0eba59cefb4,部药企实战视角｜凯莱英专家解析ADC分析对策,,1.2 生物药（抗体/蛋白/核酸/ADC/XDC偶联药物）,0.99,rule,,
